session_id,vendor_account,timestamp,destination_host,risk_score,is_compromised_session
S00319,VEND-ACME-03,2026-08-15 01:10:00,JUMP-OT-01,0.9997819081818625,1
S00320,VEND-ACME-03,2026-08-15 04:30:00,ENG-WKS-02,0.999648771417029,1
S00322,VEND-ACME-03,2026-08-15 21:25:00,HIST-SRV-01,0.9991909689544545,1
S00323,VEND-ACME-03,2026-08-16 04:50:00,ENG-WKS-02,0.9949655292362634,1
S00321,VEND-ACME-03,2026-08-15 07:15:00,ENG-WKS-04,0.07782229566299606,1
S00279,VEND-ACME-03,2026-08-25 08:32:00,ENG-WKS-05,0.006506539441913941,0
S00292,VEND-ACME-03,2026-08-26 07:14:00,JUMP-OT-01,0.00633231109051799,0
S00290,VEND-ACME-03,2026-08-26 09:40:00,ENG-WKS-01,0.004059611285849844,0
S00295,VEND-ACME-03,2026-08-26 09:28:00,JUMP-OT-01,0.004027140759496606,0
S00273,VEND-ACME-03,2026-08-24 14:17:00,ENG-WKS-04,0.003949031467947118,0
