"session_id","vendor_account","timestamp","destination_host","uba_deviation_score_v2","atypical_ip_flag","is_compromised_session"
"S00319","VEND-ACME-03","2026-08-15 01:10:00","JUMP-OT-01",11.0009084557008,1,1
"S00322","VEND-ACME-03","2026-08-15 21:25:00","HIST-SRV-01",9.31348706554035,1,1
"S00320","VEND-ACME-03","2026-08-15 04:30:00","ENG-WKS-02",8.25022232056792,1,1
"S00321","VEND-ACME-03","2026-08-15 07:15:00","ENG-WKS-04",7.99407430654805,1,1
"S00290","VEND-ACME-03","2026-08-26 09:40:00","ENG-WKS-01",7.92775133345228,1,0
"S00270","VEND-ACME-03","2026-08-24 15:22:00","ENG-WKS-03",7.91200957441314,1,0
"S00292","VEND-ACME-03","2026-08-26 07:14:00","JUMP-OT-01",7.88048999679362,1,0
"S00239","VEND-ACME-02","2026-08-21 07:12:00","ENG-WKS-05",7.80842739669658,1,0
"S00323","VEND-ACME-03","2026-08-16 04:50:00","ENG-WKS-02",7.78869891592361,1,1
"S00176","VEND-PLC-SVC-01","2026-08-16 07:08:00","ENG-WKS-03",7.6171450054246,1,0
"S00279","VEND-ACME-03","2026-08-25 08:32:00","ENG-WKS-05",7.37206975455236,1,0
"S00260","VEND-PLC-SVC-02","2026-08-23 14:37:00","ENG-WKS-03",7.32760718406594,1,0
"S00110","VEND-PLC-SVC-01","2026-08-10 17:06:00","JUMP-OT-01",7.32171075075805,1,0
"S00195","VEND-ACME-02","2026-08-18 18:45:00","JUMP-OT-01",7.20543429618205,1,0
"S00255","VEND-TURBOMAINT-02","2026-08-23 07:27:00","JUMP-OT-01",7.1904323265507,1,0
