session_id,vendor_account,timestamp,destination_host,uba_deviation_score,is_compromised_session
S00319,VEND-ACME-03,2026-08-15 01:10:00,JUMP-OT-01,8.259529145355973,1
S00322,VEND-ACME-03,2026-08-15 21:25:00,HIST-SRV-01,6.572107755195521,1
S00320,VEND-ACME-03,2026-08-15 04:30:00,ENG-WKS-02,5.508843010223092,1
S00321,VEND-ACME-03,2026-08-15 07:15:00,ENG-WKS-04,5.252694996203218,1
S00323,VEND-ACME-03,2026-08-16 04:50:00,ENG-WKS-02,5.04731960557878,1
S00292,VEND-ACME-03,2026-08-26 07:14:00,JUMP-OT-01,5.035662410586728,0
S00290,VEND-ACME-03,2026-08-26 09:40:00,ENG-WKS-01,5.031199609314345,0
S00270,VEND-ACME-03,2026-08-24 15:22:00,ENG-WKS-03,5.015457850275208,0
S00239,VEND-ACME-02,2026-08-21 07:12:00,ENG-WKS-05,4.9663221335386805,0
S00176,VEND-PLC-SVC-01,2026-08-16 07:08:00,ENG-WKS-03,4.682362396728949,0
S00279,VEND-ACME-03,2026-08-25 08:32:00,ENG-WKS-05,4.5789663062765005,0
S00110,VEND-PLC-SVC-01,2026-08-10 17:06:00,JUMP-OT-01,4.5173629246710885,0
S00260,VEND-PLC-SVC-02,2026-08-23 14:37:00,ENG-WKS-03,4.452607184065936,0
S00195,VEND-ACME-02,2026-08-18 18:45:00,JUMP-OT-01,4.3633290330241525,0
S00255,VEND-TURBOMAINT-02,2026-08-23 07:27:00,JUMP-OT-01,4.258614144732515,0
