event_id,timestamp,host,process,parent_process,hash,alert_type,severity
EDR-00021,2026-08-01 08:14:00,ENG-WKS-03,patch_deploy.exe,svchost.exe,sha256:138befdaeb9888,benign,Info
EDR-00008,2026-08-01 10:08:00,JUMP-OT-01,plc_config_tool.exe,TeamViewer_Host.exe,sha256:1960c987bfc74c,benign,Info
EDR-00009,2026-08-01 10:45:00,ENG-WKS-05,plc_config_tool.exe,TeamViewer_Host.exe,sha256:10a1a1dc7dd6af,benign,Info
EDR-00011,2026-08-01 11:02:00,ENG-WKS-03,patch_deploy.exe,svchost.exe,sha256:12a994447c2262,benign,Info
EDR-00006,2026-08-01 11:17:00,ENG-WKS-01,TeamViewer_Host.exe,explorer.exe,sha256:154692abbf5abb,benign,Info
EDR-00004,2026-08-01 11:51:00,ENG-WKS-04,patch_deploy.exe,svchost.exe,sha256:d63e02e4623c6,benign,Info
EDR-00019,2026-08-01 11:58:00,ENG-WKS-04,TeamViewer_Host.exe,explorer.exe,sha256:1796d1f488b915,benign,Info
EDR-00020,2026-08-01 12:19:00,ENG-WKS-02,TeamViewer_Host.exe,explorer.exe,sha256:1bd784455feeb0,benign,Info
EDR-00017,2026-08-01 12:38:00,ENG-WKS-02,plc_config_tool.exe,TeamViewer_Host.exe,sha256:1c2617da03cd99,benign,Info
EDR-00018,2026-08-01 12:44:00,ENG-WKS-04,TeamViewer_Host.exe,explorer.exe,sha256:87c5f32bdc984,benign,Info
EDR-00014,2026-08-01 13:04:00,ENG-WKS-01,patch_deploy.exe,svchost.exe,sha256:2105e7377f7e15,benign,Info
EDR-00016,2026-08-01 13:27:00,ENG-WKS-04,plc_config_tool.exe,TeamViewer_Host.exe,sha256:698a5d376433f,benign,Info
EDR-00013,2026-08-01 13:38:00,JUMP-OT-01,plc_config_tool.exe,TeamViewer_Host.exe,sha256:1b2263c2c0572b,benign,Info
EDR-00002,2026-08-01 13:47:00,ENG-WKS-03,plc_config_tool.exe,TeamViewer_Host.exe,sha256:b6dffcd867f91,benign,Info
EDR-00015,2026-08-01 14:33:00,ENG-WKS-03,plc_config_tool.exe,TeamViewer_Host.exe,sha256:2251896d736b1d,benign,Info
EDR-00003,2026-08-01 14:41:00,ENG-WKS-01,TeamViewer_Host.exe,explorer.exe,sha256:197d1f89b4d0cd,benign,Info
EDR-00010,2026-08-01 15:05:00,ENG-WKS-03,TeamViewer_Host.exe,explorer.exe,sha256:1b4e84d5146c34,benign,Info
EDR-00001,2026-08-01 15:10:00,ENG-WKS-03,plc_config_tool.exe,TeamViewer_Host.exe,sha256:8faae714e2b46,benign,Info
EDR-00005,2026-08-01 15:27:00,ENG-WKS-05,patch_deploy.exe,svchost.exe,sha256:20a497716b0d3f,benign,Info
EDR-00012,2026-08-01 15:29:00,ENG-WKS-04,patch_deploy.exe,svchost.exe,sha256:13473400ad119d,benign,Info
EDR-00007,2026-08-01 17:26:00,ENG-WKS-02,plc_config_tool.exe,TeamViewer_Host.exe,sha256:177d80f78c18c9,benign,Info
EDR-00025,2026-08-02 07:38:00,ENG-WKS-03,plc_config_tool.exe,TeamViewer_Host.exe,sha256:a122fa741a247,benign,Info
EDR-00032,2026-08-02 09:03:00,ENG-WKS-02,TeamViewer_Host.exe,explorer.exe,sha256:1bd50b898c0e0d,benign,Info
EDR-00035,2026-08-02 11:03:00,ENG-WKS-01,patch_deploy.exe,svchost.exe,sha256:1eb13df84cd09e,benign,Info
EDR-00023,2026-08-02 12:17:00,ENG-WKS-05,patch_deploy.exe,svchost.exe,sha256:162d11800fe7bd,benign,Info
EDR-00033,2026-08-02 12:33:00,JUMP-OT-01,patch_deploy.exe,svchost.exe,sha256:93654d0e316a5,benign,Info
EDR-00030,2026-08-02 12:40:00,ENG-WKS-04,patch_deploy.exe,svchost.exe,sha256:e37c070b802ae,benign,Info
EDR-00031,2026-08-02 13:19:00,ENG-WKS-03,plc_config_tool.exe,TeamViewer_Host.exe,sha256:1ebf648e88eafa,benign,Info
EDR-00036,2026-08-02 13:31:00,ENG-WKS-01,plc_config_tool.exe,TeamViewer_Host.exe,sha256:11c577a448d0c7,benign,Info
EDR-00038,2026-08-02 13:32:00,ENG-WKS-05,TeamViewer_Host.exe,explorer.exe,sha256:20745bfd885d0c,benign,Info
EDR-00034,2026-08-02 13:53:00,ENG-WKS-02,TeamViewer_Host.exe,explorer.exe,sha256:5a11d0c1cc795,benign,Info
EDR-00024,2026-08-02 14:00:00,ENG-WKS-02,patch_deploy.exe,svchost.exe,sha256:14655f32c4a921,benign,Info
EDR-00029,2026-08-02 14:32:00,ENG-WKS-04,TeamViewer_Host.exe,explorer.exe,sha256:17e8edcda2f3a2,benign,Info
EDR-00026,2026-08-02 14:40:00,JUMP-OT-01,patch_deploy.exe,svchost.exe,sha256:d3f57416e9cdd,benign,Info
EDR-00028,2026-08-02 14:57:00,JUMP-OT-01,TeamViewer_Host.exe,explorer.exe,sha256:dcfcc34fe688f,benign,Info
EDR-00022,2026-08-02 15:21:00,ENG-WKS-05,patch_deploy.exe,svchost.exe,sha256:ab6975d655598,benign,Info
EDR-00037,2026-08-02 16:26:00,ENG-WKS-05,plc_config_tool.exe,TeamViewer_Host.exe,sha256:201b8881d9d288,benign,Info
EDR-00027,2026-08-02 16:26:00,JUMP-OT-01,plc_config_tool.exe,TeamViewer_Host.exe,sha256:20866388088b69,benign,Info
EDR-00052,2026-08-03 07:36:00,ENG-WKS-01,plc_config_tool.exe,TeamViewer_Host.exe,sha256:15d647a9adde3d,benign,Info
EDR-00054,2026-08-03 08:43:00,ENG-WKS-05,plc_config_tool.exe,TeamViewer_Host.exe,sha256:13daafd58e6524,benign,Info
EDR-00057,2026-08-03 10:31:00,ENG-WKS-02,patch_deploy.exe,svchost.exe,sha256:a6f5cb520e33c,benign,Info
EDR-00040,2026-08-03 10:43:00,ENG-WKS-01,patch_deploy.exe,svchost.exe,sha256:1359a0f71c1a59,benign,Info
EDR-00055,2026-08-03 10:55:00,ENG-WKS-03,patch_deploy.exe,svchost.exe,sha256:1afe733bb73e03,benign,Info
EDR-00050,2026-08-03 11:45:00,JUMP-OT-01,TeamViewer_Host.exe,explorer.exe,sha256:22973249d12a5c,benign,Info
EDR-00046,2026-08-03 12:14:00,ENG-WKS-05,patch_deploy.exe,svchost.exe,sha256:121902d9ce4115,benign,Info
EDR-00053,2026-08-03 12:39:00,ENG-WKS-03,patch_deploy.exe,svchost.exe,sha256:5f38b9862b9a9,benign,Info
EDR-00058,2026-08-03 12:51:00,JUMP-OT-01,TeamViewer_Host.exe,explorer.exe,sha256:b47ea4ce54422,benign,Info
EDR-00043,2026-08-03 13:19:00,ENG-WKS-03,plc_config_tool.exe,TeamViewer_Host.exe,sha256:182500c13969ef,benign,Info
EDR-00044,2026-08-03 13:36:00,ENG-WKS-02,plc_config_tool.exe,TeamViewer_Host.exe,sha256:1a4f20f68a293a,benign,Info
EDR-00039,2026-08-03 13:53:00,ENG-WKS-04,TeamViewer_Host.exe,explorer.exe,sha256:18a7c7d793310b,benign,Info
EDR-00047,2026-08-03 14:04:00,ENG-WKS-02,TeamViewer_Host.exe,explorer.exe,sha256:1de9b574e5628b,benign,Info
EDR-00042,2026-08-03 14:13:00,ENG-WKS-05,TeamViewer_Host.exe,explorer.exe,sha256:1a4cb3b5eaa4a0,benign,Info
EDR-00056,2026-08-03 14:22:00,ENG-WKS-01,plc_config_tool.exe,TeamViewer_Host.exe,sha256:1262e89060d072,benign,Info
EDR-00049,2026-08-03 14:31:00,JUMP-OT-01,patch_deploy.exe,svchost.exe,sha256:3f02507e6a19f,benign,Info
EDR-00051,2026-08-03 14:47:00,JUMP-OT-01,TeamViewer_Host.exe,explorer.exe,sha256:1eb9675632954c,benign,Info
EDR-00041,2026-08-03 14:55:00,JUMP-OT-01,plc_config_tool.exe,TeamViewer_Host.exe,sha256:f0d86a7d20cca,benign,Info
EDR-00045,2026-08-03 15:51:00,ENG-WKS-05,plc_config_tool.exe,TeamViewer_Host.exe,sha256:16d8a53889bbbd,benign,Info
EDR-00048,2026-08-03 15:55:00,ENG-WKS-04,plc_config_tool.exe,TeamViewer_Host.exe,sha256:41fb1d9eb1273,benign,Info
EDR-00060,2026-08-04 07:32:00,ENG-WKS-02,TeamViewer_Host.exe,explorer.exe,sha256:6611b80fc7d95,benign,Info
EDR-00084,2026-08-04 07:51:00,ENG-WKS-03,plc_config_tool.exe,TeamViewer_Host.exe,sha256:1485b473ea185b,benign,Info
EDR-00064,2026-08-04 09:15:00,JUMP-OT-01,plc_config_tool.exe,TeamViewer_Host.exe,sha256:7422de90ce7dd,benign,Info
EDR-00079,2026-08-04 09:19:00,ENG-WKS-04,TeamViewer_Host.exe,explorer.exe,sha256:12bc938f208cf7,benign,Info
EDR-00073,2026-08-04 09:25:00,JUMP-OT-01,TeamViewer_Host.exe,explorer.exe,sha256:21af7ff036b71e,benign,Info
EDR-00083,2026-08-04 09:30:00,JUMP-OT-01,TeamViewer_Host.exe,explorer.exe,sha256:c7d39ab5cf4fa,benign,Info
EDR-00059,2026-08-04 09:37:00,ENG-WKS-04,TeamViewer_Host.exe,explorer.exe,sha256:19b5698a5c6bf6,benign,Info
EDR-00061,2026-08-04 10:40:00,ENG-WKS-05,TeamViewer_Host.exe,explorer.exe,sha256:12c0160f661075,benign,Info
EDR-00066,2026-08-04 11:07:00,ENG-WKS-01,TeamViewer_Host.exe,explorer.exe,sha256:cb764f0bf873f,benign,Info
EDR-00067,2026-08-04 11:08:00,ENG-WKS-03,patch_deploy.exe,svchost.exe,sha256:143d4a1454f616,benign,Info
EDR-00081,2026-08-04 11:30:00,ENG-WKS-05,plc_config_tool.exe,TeamViewer_Host.exe,sha256:214ad43e7b712c,benign,Info
EDR-00065,2026-08-04 11:53:00,ENG-WKS-03,TeamViewer_Host.exe,explorer.exe,sha256:86f551f786672,benign,Info
EDR-00085,2026-08-04 11:58:00,JUMP-OT-01,patch_deploy.exe,svchost.exe,sha256:48bd03d0dff50,benign,Info
EDR-00078,2026-08-04 12:04:00,ENG-WKS-03,plc_config_tool.exe,TeamViewer_Host.exe,sha256:1e7f0101568c54,benign,Info
EDR-00068,2026-08-04 12:25:00,ENG-WKS-03,TeamViewer_Host.exe,explorer.exe,sha256:173285db7d759f,benign,Info
EDR-00072,2026-08-04 12:37:00,ENG-WKS-04,plc_config_tool.exe,TeamViewer_Host.exe,sha256:e9418334a6864,benign,Info
EDR-00080,2026-08-04 12:43:00,JUMP-OT-01,patch_deploy.exe,svchost.exe,sha256:c0d43d5ae6b86,benign,Info
EDR-00062,2026-08-04 13:08:00,ENG-WKS-01,TeamViewer_Host.exe,explorer.exe,sha256:e440143d399e4,benign,Info
EDR-00075,2026-08-04 13:17:00,JUMP-OT-01,plc_config_tool.exe,TeamViewer_Host.exe,sha256:21431c727dbbcd,benign,Info
EDR-00077,2026-08-04 13:32:00,JUMP-OT-01,patch_deploy.exe,svchost.exe,sha256:2321d5f65b641b,benign,Info
EDR-00071,2026-08-04 13:48:00,ENG-WKS-05,patch_deploy.exe,svchost.exe,sha256:1687b03347ebd1,benign,Info
EDR-00063,2026-08-04 13:50:00,ENG-WKS-01,TeamViewer_Host.exe,explorer.exe,sha256:11d36504c58949,benign,Info
EDR-00074,2026-08-04 13:58:00,ENG-WKS-05,plc_config_tool.exe,TeamViewer_Host.exe,sha256:1bf9e7656d0e56,benign,Info
EDR-00082,2026-08-04 13:59:00,ENG-WKS-03,patch_deploy.exe,svchost.exe,sha256:bd42e74b0ab55,benign,Info
EDR-00069,2026-08-04 14:22:00,ENG-WKS-02,patch_deploy.exe,svchost.exe,sha256:3fe44c216f075,benign,Info
EDR-00070,2026-08-04 16:20:00,ENG-WKS-01,plc_config_tool.exe,TeamViewer_Host.exe,sha256:102726ed1a042d,benign,Info
EDR-00076,2026-08-04 18:44:00,ENG-WKS-04,TeamViewer_Host.exe,explorer.exe,sha256:11c782f38391af,benign,Info
EDR-00099,2026-08-05 07:20:00,ENG-WKS-03,TeamViewer_Host.exe,explorer.exe,sha256:66bfc5d30c2dd,benign,Info
EDR-00097,2026-08-05 08:20:00,ENG-WKS-01,TeamViewer_Host.exe,explorer.exe,sha256:49a0f340fca06,benign,Info
EDR-00098,2026-08-05 09:16:00,ENG-WKS-03,patch_deploy.exe,svchost.exe,sha256:fde44504074cb,benign,Info
EDR-00100,2026-08-05 10:01:00,ENG-WKS-04,TeamViewer_Host.exe,explorer.exe,sha256:233bb885d0fca2,benign,Info
EDR-00089,2026-08-05 10:03:00,ENG-WKS-03,plc_config_tool.exe,TeamViewer_Host.exe,sha256:a63cbf412fa9c,benign,Info
EDR-00087,2026-08-05 10:22:00,ENG-WKS-05,TeamViewer_Host.exe,explorer.exe,sha256:ee91d0429576d,benign,Info
EDR-00090,2026-08-05 10:54:00,ENG-WKS-01,patch_deploy.exe,svchost.exe,sha256:135e0570ad85dc,benign,Info
EDR-00093,2026-08-05 11:24:00,JUMP-OT-01,patch_deploy.exe,svchost.exe,sha256:234c13af628d13,benign,Info
EDR-00095,2026-08-05 12:26:00,ENG-WKS-04,plc_config_tool.exe,TeamViewer_Host.exe,sha256:4011cae44ae98,benign,Info
EDR-00096,2026-08-05 12:55:00,ENG-WKS-01,TeamViewer_Host.exe,explorer.exe,sha256:70390ba54e271,benign,Info
EDR-00103,2026-08-05 13:10:00,ENG-WKS-05,plc_config_tool.exe,TeamViewer_Host.exe,sha256:1c12b7d530e4a9,benign,Info
EDR-00094,2026-08-05 13:20:00,ENG-WKS-03,TeamViewer_Host.exe,explorer.exe,sha256:149a62b6330ffd,benign,Info
EDR-00101,2026-08-05 14:02:00,ENG-WKS-05,plc_config_tool.exe,TeamViewer_Host.exe,sha256:148eb6a8d5fd00,benign,Info
EDR-00092,2026-08-05 14:07:00,ENG-WKS-03,patch_deploy.exe,svchost.exe,sha256:16f23bfa4856ce,benign,Info
EDR-00102,2026-08-05 14:18:00,JUMP-OT-01,TeamViewer_Host.exe,explorer.exe,sha256:1e8c3eee7b59d0,benign,Info
EDR-00086,2026-08-05 14:23:00,ENG-WKS-03,patch_deploy.exe,svchost.exe,sha256:959b15f08d100,benign,Info
EDR-00104,2026-08-05 15:48:00,ENG-WKS-05,TeamViewer_Host.exe,explorer.exe,sha256:691b8fa8c0f63,benign,Info
EDR-00091,2026-08-05 15:57:00,ENG-WKS-01,TeamViewer_Host.exe,explorer.exe,sha256:1b70ef64583ccb,benign,Info
EDR-00088,2026-08-05 17:20:00,ENG-WKS-03,plc_config_tool.exe,TeamViewer_Host.exe,sha256:f1ae3bd7d75a3,benign,Info
EDR-00129,2026-08-06 08:39:00,ENG-WKS-04,patch_deploy.exe,svchost.exe,sha256:1b7c6c96f37662,benign,Info
EDR-00120,2026-08-06 10:23:00,ENG-WKS-02,patch_deploy.exe,svchost.exe,sha256:202940ba53ac89,benign,Info
EDR-00132,2026-08-06 10:32:00,ENG-WKS-02,TeamViewer_Host.exe,explorer.exe,sha256:fe46f5e2cfba5,benign,Info
EDR-00107,2026-08-06 10:36:00,ENG-WKS-05,plc_config_tool.exe,TeamViewer_Host.exe,sha256:c600e6015a357,benign,Info
EDR-00126,2026-08-06 10:44:00,ENG-WKS-02,plc_config_tool.exe,TeamViewer_Host.exe,sha256:9a119cb127b92,benign,Info
EDR-00118,2026-08-06 11:20:00,ENG-WKS-04,plc_config_tool.exe,TeamViewer_Host.exe,sha256:1da403e3d9cc66,benign,Info
EDR-00122,2026-08-06 11:28:00,ENG-WKS-04,TeamViewer_Host.exe,explorer.exe,sha256:6e20593e4d734,benign,Info
EDR-00125,2026-08-06 11:55:00,ENG-WKS-04,plc_config_tool.exe,TeamViewer_Host.exe,sha256:ee8ae111bea4e,benign,Info
EDR-00112,2026-08-06 12:02:00,ENG-WKS-03,TeamViewer_Host.exe,explorer.exe,sha256:ece3351eec927,benign,Info
EDR-00115,2026-08-06 12:50:00,ENG-WKS-04,patch_deploy.exe,svchost.exe,sha256:8fcd885273d57,benign,Info
EDR-00119,2026-08-06 13:04:00,ENG-WKS-01,TeamViewer_Host.exe,explorer.exe,sha256:18bfd4c8cbe0df,benign,Info
EDR-00121,2026-08-06 13:11:00,ENG-WKS-02,TeamViewer_Host.exe,explorer.exe,sha256:1a8328e34a59dd,benign,Info
EDR-00116,2026-08-06 13:18:00,ENG-WKS-04,plc_config_tool.exe,TeamViewer_Host.exe,sha256:bf9f24df663f8,benign,Info
EDR-00111,2026-08-06 13:19:00,ENG-WKS-05,TeamViewer_Host.exe,explorer.exe,sha256:bc834186d6cfa,benign,Info
EDR-00130,2026-08-06 13:29:00,JUMP-OT-01,TeamViewer_Host.exe,explorer.exe,sha256:dca28342beff0,benign,Info
EDR-00110,2026-08-06 13:51:00,ENG-WKS-03,patch_deploy.exe,svchost.exe,sha256:112c427d27f5bb,benign,Info
EDR-00108,2026-08-06 13:51:00,ENG-WKS-01,TeamViewer_Host.exe,explorer.exe,sha256:11e2589aea81cf,benign,Info
EDR-00127,2026-08-06 13:53:00,ENG-WKS-04,plc_config_tool.exe,TeamViewer_Host.exe,sha256:5b331bd9eaa24,benign,Info
EDR-00105,2026-08-06 13:59:00,JUMP-OT-01,TeamViewer_Host.exe,explorer.exe,sha256:188907fc5f6f6d,benign,Info
EDR-00128,2026-08-06 14:06:00,ENG-WKS-05,plc_config_tool.exe,TeamViewer_Host.exe,sha256:e647e2aa679ef,benign,Info
EDR-00109,2026-08-06 14:15:00,ENG-WKS-03,patch_deploy.exe,svchost.exe,sha256:1fabe0a4a5e26d,benign,Info
EDR-00131,2026-08-06 14:22:00,JUMP-OT-01,plc_config_tool.exe,TeamViewer_Host.exe,sha256:57dc8e56e7046,benign,Info
EDR-00113,2026-08-06 14:33:00,ENG-WKS-04,plc_config_tool.exe,TeamViewer_Host.exe,sha256:bc2e0e165aaaf,benign,Info
EDR-00106,2026-08-06 14:40:00,ENG-WKS-01,patch_deploy.exe,svchost.exe,sha256:1d1b7eedda1829,benign,Info
EDR-00124,2026-08-06 14:55:00,JUMP-OT-01,TeamViewer_Host.exe,explorer.exe,sha256:732cb19595b4f,benign,Info
EDR-00123,2026-08-06 14:59:00,ENG-WKS-05,TeamViewer_Host.exe,explorer.exe,sha256:12f9f5e269864d,benign,Info
EDR-00114,2026-08-06 18:00:00,ENG-WKS-05,patch_deploy.exe,svchost.exe,sha256:227dae6830dfa0,benign,Info
EDR-00117,2026-08-06 18:55:00,ENG-WKS-01,plc_config_tool.exe,TeamViewer_Host.exe,sha256:1a9b89abf10210,benign,Info
EDR-00146,2026-08-07 09:42:00,ENG-WKS-01,TeamViewer_Host.exe,explorer.exe,sha256:d1df8246da44c,benign,Info
EDR-00141,2026-08-07 10:02:00,ENG-WKS-05,TeamViewer_Host.exe,explorer.exe,sha256:155629f2638547,benign,Info
EDR-00138,2026-08-07 10:05:00,ENG-WKS-01,TeamViewer_Host.exe,explorer.exe,sha256:1b9505b0aa506b,benign,Info
EDR-00144,2026-08-07 10:12:00,ENG-WKS-02,plc_config_tool.exe,TeamViewer_Host.exe,sha256:1bfce6ee8f19fb,benign,Info
EDR-00145,2026-08-07 10:16:00,JUMP-OT-01,TeamViewer_Host.exe,explorer.exe,sha256:22a2542b3795b2,benign,Info
EDR-00143,2026-08-07 10:53:00,ENG-WKS-04,plc_config_tool.exe,TeamViewer_Host.exe,sha256:1a0e3bc4216fc5,benign,Info
EDR-00147,2026-08-07 11:04:00,ENG-WKS-02,patch_deploy.exe,svchost.exe,sha256:4eee748595219,benign,Info
EDR-00134,2026-08-07 11:20:00,ENG-WKS-02,patch_deploy.exe,svchost.exe,sha256:faab3465e95de,benign,Info
EDR-00140,2026-08-07 11:37:00,ENG-WKS-04,plc_config_tool.exe,TeamViewer_Host.exe,sha256:1e7d5eb4aed456,benign,Info
EDR-00139,2026-08-07 12:04:00,ENG-WKS-01,patch_deploy.exe,svchost.exe,sha256:1f599d4ea07619,benign,Info
EDR-00133,2026-08-07 12:18:00,ENG-WKS-02,plc_config_tool.exe,TeamViewer_Host.exe,sha256:ff6b59ba1251a,benign,Info
EDR-00149,2026-08-07 14:14:00,JUMP-OT-01,plc_config_tool.exe,TeamViewer_Host.exe,sha256:117f77f5af959c,benign,Info
EDR-00135,2026-08-07 14:15:00,ENG-WKS-05,patch_deploy.exe,svchost.exe,sha256:143e23564fd2b8,benign,Info
EDR-00137,2026-08-07 14:32:00,ENG-WKS-01,patch_deploy.exe,svchost.exe,sha256:12358310d942ec,benign,Info
EDR-00136,2026-08-07 14:54:00,ENG-WKS-01,plc_config_tool.exe,TeamViewer_Host.exe,sha256:1145dcf10adb0f,benign,Info
EDR-00148,2026-08-07 15:00:00,JUMP-OT-01,patch_deploy.exe,svchost.exe,sha256:1bbdd077a82f41,benign,Info
EDR-00142,2026-08-07 18:12:00,ENG-WKS-05,patch_deploy.exe,svchost.exe,sha256:10fd34ad146427,benign,Info
EDR-00163,2026-08-08 07:51:00,ENG-WKS-04,plc_config_tool.exe,TeamViewer_Host.exe,sha256:112e7f0da370de,benign,Info
EDR-00151,2026-08-08 07:53:00,ENG-WKS-04,patch_deploy.exe,svchost.exe,sha256:fda4d8c6d0649,benign,Info
EDR-00162,2026-08-08 11:18:00,JUMP-OT-01,TeamViewer_Host.exe,explorer.exe,sha256:55a3e7d195621,benign,Info
EDR-00164,2026-08-08 11:53:00,ENG-WKS-04,plc_config_tool.exe,TeamViewer_Host.exe,sha256:138fa150d209c3,benign,Info
EDR-00153,2026-08-08 12:10:00,ENG-WKS-02,patch_deploy.exe,svchost.exe,sha256:20f1ef8247b057,benign,Info
EDR-00152,2026-08-08 12:45:00,ENG-WKS-01,plc_config_tool.exe,TeamViewer_Host.exe,sha256:cbe97652736ff,benign,Info
EDR-00155,2026-08-08 13:04:00,ENG-WKS-05,plc_config_tool.exe,TeamViewer_Host.exe,sha256:a3bec715d36f6,benign,Info
EDR-00150,2026-08-08 13:33:00,ENG-WKS-02,plc_config_tool.exe,TeamViewer_Host.exe,sha256:16adc4f4d40b7c,benign,Info
EDR-00157,2026-08-08 13:34:00,ENG-WKS-05,TeamViewer_Host.exe,explorer.exe,sha256:7fbd6d5a62115,benign,Info
EDR-00165,2026-08-08 13:59:00,JUMP-OT-01,plc_config_tool.exe,TeamViewer_Host.exe,sha256:53516fb9c5e93,benign,Info
EDR-00158,2026-08-08 14:05:00,ENG-WKS-05,patch_deploy.exe,svchost.exe,sha256:1f506716365fb1,benign,Info
EDR-00154,2026-08-08 14:57:00,ENG-WKS-03,TeamViewer_Host.exe,explorer.exe,sha256:107278acb236e9,benign,Info
EDR-00159,2026-08-08 15:22:00,ENG-WKS-05,plc_config_tool.exe,TeamViewer_Host.exe,sha256:8ffa22b7bd77c,benign,Info
EDR-00160,2026-08-08 15:31:00,ENG-WKS-01,patch_deploy.exe,svchost.exe,sha256:cc36555c33bc2,benign,Info
EDR-00161,2026-08-08 15:43:00,ENG-WKS-01,patch_deploy.exe,svchost.exe,sha256:1e44aff2b16f10,benign,Info
EDR-00156,2026-08-08 17:07:00,JUMP-OT-01,plc_config_tool.exe,TeamViewer_Host.exe,sha256:1379d601c4c8ea,benign,Info
EDR-00178,2026-08-09 07:48:00,ENG-WKS-03,plc_config_tool.exe,TeamViewer_Host.exe,sha256:d0ff23456c3ab,benign,Info
EDR-00187,2026-08-09 08:11:00,ENG-WKS-05,plc_config_tool.exe,TeamViewer_Host.exe,sha256:118795dfdd92be,benign,Info
EDR-00188,2026-08-09 08:45:00,ENG-WKS-05,plc_config_tool.exe,TeamViewer_Host.exe,sha256:a064601d84225,benign,Info
EDR-00171,2026-08-09 10:05:00,ENG-WKS-01,TeamViewer_Host.exe,explorer.exe,sha256:85e3a8b219d6f,benign,Info
EDR-00192,2026-08-09 10:47:00,ENG-WKS-02,patch_deploy.exe,svchost.exe,sha256:c49678ffa418f,benign,Info
EDR-00172,2026-08-09 11:00:00,ENG-WKS-04,TeamViewer_Host.exe,explorer.exe,sha256:231e0fb49c90cc,benign,Info
EDR-00186,2026-08-09 11:35:00,JUMP-OT-01,patch_deploy.exe,svchost.exe,sha256:2226bd6f08afd7,benign,Info
EDR-00191,2026-08-09 11:37:00,ENG-WKS-04,patch_deploy.exe,svchost.exe,sha256:1810d9473b3bfc,benign,Info
EDR-00190,2026-08-09 12:02:00,ENG-WKS-01,patch_deploy.exe,svchost.exe,sha256:16438cf45b5b18,benign,Info
EDR-00185,2026-08-09 12:03:00,ENG-WKS-05,patch_deploy.exe,svchost.exe,sha256:1a8584dc0dfc3b,benign,Info
EDR-00174,2026-08-09 12:35:00,JUMP-OT-01,patch_deploy.exe,svchost.exe,sha256:3e700164876c5,benign,Info
EDR-00167,2026-08-09 12:49:00,ENG-WKS-04,plc_config_tool.exe,TeamViewer_Host.exe,sha256:f4620636aa67e,benign,Info
EDR-00183,2026-08-09 12:50:00,ENG-WKS-01,TeamViewer_Host.exe,explorer.exe,sha256:2056ad9bb7143b,benign,Info
EDR-00180,2026-08-09 12:58:00,JUMP-OT-01,TeamViewer_Host.exe,explorer.exe,sha256:1320c136e4dcb3,benign,Info
EDR-00189,2026-08-09 13:20:00,ENG-WKS-01,plc_config_tool.exe,TeamViewer_Host.exe,sha256:15d40d4a811454,benign,Info
EDR-00166,2026-08-09 13:28:00,ENG-WKS-02,TeamViewer_Host.exe,explorer.exe,sha256:1976494a9d8a9c,benign,Info
EDR-00169,2026-08-09 13:51:00,ENG-WKS-02,plc_config_tool.exe,TeamViewer_Host.exe,sha256:858d5618a2352,benign,Info
EDR-00182,2026-08-09 14:04:00,ENG-WKS-01,patch_deploy.exe,svchost.exe,sha256:9e20e81569b64,benign,Info
EDR-00168,2026-08-09 14:31:00,ENG-WKS-03,plc_config_tool.exe,TeamViewer_Host.exe,sha256:d51fddf4031f3,benign,Info
EDR-00177,2026-08-09 14:41:00,ENG-WKS-04,patch_deploy.exe,svchost.exe,sha256:201759bd79f5c8,benign,Info
EDR-00184,2026-08-09 14:43:00,JUMP-OT-01,TeamViewer_Host.exe,explorer.exe,sha256:17bfa8f6c01e64,benign,Info
EDR-00175,2026-08-09 15:11:00,ENG-WKS-03,patch_deploy.exe,svchost.exe,sha256:bca35b78fc1de,benign,Info
EDR-00173,2026-08-09 15:20:00,ENG-WKS-05,patch_deploy.exe,svchost.exe,sha256:5d9b81295c641,benign,Info
EDR-00176,2026-08-09 16:11:00,ENG-WKS-03,plc_config_tool.exe,TeamViewer_Host.exe,sha256:169faae941009c,benign,Info
EDR-00181,2026-08-09 16:23:00,ENG-WKS-04,TeamViewer_Host.exe,explorer.exe,sha256:146c6fdd600553,benign,Info
EDR-00179,2026-08-09 16:32:00,ENG-WKS-04,patch_deploy.exe,svchost.exe,sha256:195b1f0188824d,benign,Info
EDR-00170,2026-08-09 16:52:00,ENG-WKS-05,plc_config_tool.exe,TeamViewer_Host.exe,sha256:19bd0c15082d34,benign,Info
EDR-00193,2026-08-10 07:31:00,JUMP-OT-01,plc_config_tool.exe,TeamViewer_Host.exe,sha256:67186956509a6,benign,Info
EDR-00208,2026-08-10 09:19:00,ENG-WKS-01,patch_deploy.exe,svchost.exe,sha256:83732b31d52c0,benign,Info
EDR-00206,2026-08-10 10:03:00,ENG-WKS-01,plc_config_tool.exe,TeamViewer_Host.exe,sha256:1817273b2d4d67,benign,Info
EDR-00201,2026-08-10 10:48:00,ENG-WKS-05,TeamViewer_Host.exe,explorer.exe,sha256:52e7ebfbb3480,benign,Info
EDR-00200,2026-08-10 10:51:00,ENG-WKS-01,plc_config_tool.exe,TeamViewer_Host.exe,sha256:1c40cddc2b5f78,benign,Info
EDR-00207,2026-08-10 11:27:00,JUMP-OT-01,patch_deploy.exe,svchost.exe,sha256:6a5760003ff49,benign,Info
EDR-00205,2026-08-10 11:49:00,ENG-WKS-03,patch_deploy.exe,svchost.exe,sha256:219eb243f36568,benign,Info
EDR-00204,2026-08-10 12:37:00,ENG-WKS-05,patch_deploy.exe,svchost.exe,sha256:21f1bc91790362,benign,Info
EDR-00202,2026-08-10 12:55:00,ENG-WKS-03,patch_deploy.exe,svchost.exe,sha256:143f7568204178,benign,Info
EDR-00203,2026-08-10 14:33:00,JUMP-OT-01,patch_deploy.exe,svchost.exe,sha256:137ec2f455eb32,benign,Info
EDR-00196,2026-08-10 14:50:00,ENG-WKS-04,patch_deploy.exe,svchost.exe,sha256:1aae32e3401c18,benign,Info
EDR-00198,2026-08-10 15:09:00,ENG-WKS-01,plc_config_tool.exe,TeamViewer_Host.exe,sha256:21bdbccd156d47,benign,Info
EDR-00194,2026-08-10 16:10:00,ENG-WKS-05,TeamViewer_Host.exe,explorer.exe,sha256:1b05c09386484a,benign,Info
EDR-00197,2026-08-10 16:31:00,ENG-WKS-03,TeamViewer_Host.exe,explorer.exe,sha256:8201330fb70ba,benign,Info
EDR-00195,2026-08-10 16:49:00,JUMP-OT-01,patch_deploy.exe,svchost.exe,sha256:e6104d10b642e,benign,Info
EDR-00199,2026-08-10 17:30:00,ENG-WKS-03,patch_deploy.exe,svchost.exe,sha256:e5eadae59daf4,benign,Info
EDR-00222,2026-08-11 11:23:00,ENG-WKS-02,patch_deploy.exe,svchost.exe,sha256:187eeebf4c2fb9,benign,Info
EDR-00211,2026-08-11 11:57:00,ENG-WKS-04,patch_deploy.exe,svchost.exe,sha256:2068c88611dbfb,benign,Info
EDR-00209,2026-08-11 11:59:00,ENG-WKS-02,TeamViewer_Host.exe,explorer.exe,sha256:8c56a4cfbc9b4,benign,Info
EDR-00215,2026-08-11 12:18:00,ENG-WKS-03,plc_config_tool.exe,TeamViewer_Host.exe,sha256:1186731e7abf7a,benign,Info
EDR-00216,2026-08-11 12:20:00,ENG-WKS-04,TeamViewer_Host.exe,explorer.exe,sha256:914fba189c12f,benign,Info
EDR-00218,2026-08-11 12:29:00,ENG-WKS-02,patch_deploy.exe,svchost.exe,sha256:cac2886200dc6,benign,Info
EDR-00214,2026-08-11 13:35:00,JUMP-OT-01,TeamViewer_Host.exe,explorer.exe,sha256:3f2f8b48f6f33,benign,Info
EDR-00212,2026-08-11 13:49:00,JUMP-OT-01,plc_config_tool.exe,TeamViewer_Host.exe,sha256:17fdbd4c8ef4a1,benign,Info
EDR-00220,2026-08-11 14:27:00,ENG-WKS-02,patch_deploy.exe,svchost.exe,sha256:193dc61a869e8e,benign,Info
EDR-00213,2026-08-11 14:31:00,ENG-WKS-04,TeamViewer_Host.exe,explorer.exe,sha256:222fea735c5497,benign,Info
EDR-00210,2026-08-11 14:33:00,ENG-WKS-03,patch_deploy.exe,svchost.exe,sha256:20b84eda455686,benign,Info
EDR-00217,2026-08-11 14:56:00,JUMP-OT-01,TeamViewer_Host.exe,explorer.exe,sha256:14ecb9ded9a55c,benign,Info
EDR-00223,2026-08-11 15:22:00,ENG-WKS-01,TeamViewer_Host.exe,explorer.exe,sha256:1561915d1fbe84,benign,Info
EDR-00221,2026-08-11 16:14:00,ENG-WKS-04,plc_config_tool.exe,TeamViewer_Host.exe,sha256:16dd0e11c17ad7,benign,Info
EDR-00219,2026-08-11 16:59:00,JUMP-OT-01,TeamViewer_Host.exe,explorer.exe,sha256:bf143562b5d7d,benign,Info
EDR-00236,2026-08-12 07:17:00,ENG-WKS-05,TeamViewer_Host.exe,explorer.exe,sha256:1f143cc52d1230,benign,Info
EDR-00235,2026-08-12 07:49:00,JUMP-OT-01,TeamViewer_Host.exe,explorer.exe,sha256:c38e18552b865,benign,Info
EDR-00242,2026-08-12 10:36:00,ENG-WKS-04,TeamViewer_Host.exe,explorer.exe,sha256:1ddd98da78f9d2,benign,Info
EDR-00230,2026-08-12 10:43:00,ENG-WKS-04,patch_deploy.exe,svchost.exe,sha256:663d3a030e09b,benign,Info
EDR-00247,2026-08-12 10:44:00,ENG-WKS-03,patch_deploy.exe,svchost.exe,sha256:102a0ca193a888,benign,Info
EDR-00228,2026-08-12 11:12:00,ENG-WKS-03,plc_config_tool.exe,TeamViewer_Host.exe,sha256:106b1516cf7216,benign,Info
EDR-00233,2026-08-12 12:01:00,ENG-WKS-03,plc_config_tool.exe,TeamViewer_Host.exe,sha256:afd0a47ba21f4,benign,Info
EDR-00227,2026-08-12 12:11:00,ENG-WKS-05,plc_config_tool.exe,TeamViewer_Host.exe,sha256:e3e604f32bb52,benign,Info
EDR-00226,2026-08-12 12:17:00,ENG-WKS-01,patch_deploy.exe,svchost.exe,sha256:601a6598f775b,benign,Info
EDR-00232,2026-08-12 12:31:00,JUMP-OT-01,plc_config_tool.exe,TeamViewer_Host.exe,sha256:1ba4e8f70616e3,benign,Info
EDR-00241,2026-08-12 12:53:00,ENG-WKS-05,patch_deploy.exe,svchost.exe,sha256:1141b8ba95f2c8,benign,Info
EDR-00245,2026-08-12 13:43:00,ENG-WKS-03,TeamViewer_Host.exe,explorer.exe,sha256:1e9d31f2bf6d9c,benign,Info
EDR-00229,2026-08-12 13:46:00,JUMP-OT-01,patch_deploy.exe,svchost.exe,sha256:787d99a035adb,benign,Info
EDR-00237,2026-08-12 13:49:00,ENG-WKS-04,plc_config_tool.exe,TeamViewer_Host.exe,sha256:223c3961b9dd1c,benign,Info
EDR-00234,2026-08-12 14:03:00,ENG-WKS-04,plc_config_tool.exe,TeamViewer_Host.exe,sha256:1fe716f2949338,benign,Info
EDR-00244,2026-08-12 14:15:00,ENG-WKS-05,TeamViewer_Host.exe,explorer.exe,sha256:1fbdee3079cf68,benign,Info
EDR-00231,2026-08-12 14:24:00,ENG-WKS-03,plc_config_tool.exe,TeamViewer_Host.exe,sha256:10b360f276451f,benign,Info
EDR-00239,2026-08-12 14:25:00,ENG-WKS-01,plc_config_tool.exe,TeamViewer_Host.exe,sha256:cc76e7c159af9,benign,Info
EDR-00243,2026-08-12 15:11:00,ENG-WKS-03,patch_deploy.exe,svchost.exe,sha256:15ef0ece284387,benign,Info
EDR-00224,2026-08-12 16:22:00,ENG-WKS-05,plc_config_tool.exe,TeamViewer_Host.exe,sha256:175fc992e16b71,benign,Info
EDR-00238,2026-08-12 17:35:00,JUMP-OT-01,patch_deploy.exe,svchost.exe,sha256:15d1220f0784aa,benign,Info
EDR-00225,2026-08-12 17:41:00,ENG-WKS-02,patch_deploy.exe,svchost.exe,sha256:212ab704081c29,benign,Info
EDR-00246,2026-08-12 18:10:00,ENG-WKS-04,plc_config_tool.exe,TeamViewer_Host.exe,sha256:1d93c3419df695,benign,Info
EDR-00240,2026-08-12 18:59:00,ENG-WKS-03,TeamViewer_Host.exe,explorer.exe,sha256:136e1a5d7f32ce,benign,Info
EDR-00275,2026-08-13 09:06:00,ENG-WKS-02,TeamViewer_Host.exe,explorer.exe,sha256:1fc1b32197f15b,benign,Info
EDR-00251,2026-08-13 09:23:00,JUMP-OT-01,plc_config_tool.exe,TeamViewer_Host.exe,sha256:1731ab642de96c,benign,Info
EDR-00250,2026-08-13 10:29:00,ENG-WKS-02,plc_config_tool.exe,TeamViewer_Host.exe,sha256:5cb69bd1db157,benign,Info
EDR-00261,2026-08-13 10:33:00,ENG-WKS-04,patch_deploy.exe,svchost.exe,sha256:12879aa6f46a84,benign,Info
EDR-00273,2026-08-13 11:10:00,ENG-WKS-05,TeamViewer_Host.exe,explorer.exe,sha256:98568903ac274,benign,Info
EDR-00269,2026-08-13 11:11:00,JUMP-OT-01,plc_config_tool.exe,TeamViewer_Host.exe,sha256:e3c343d37263b,benign,Info
EDR-00265,2026-08-13 11:24:00,ENG-WKS-02,TeamViewer_Host.exe,explorer.exe,sha256:155895c680601a,benign,Info
EDR-00254,2026-08-13 11:44:00,ENG-WKS-05,plc_config_tool.exe,TeamViewer_Host.exe,sha256:1ed902f4c51d74,benign,Info
EDR-00260,2026-08-13 11:52:00,JUMP-OT-01,patch_deploy.exe,svchost.exe,sha256:ff45651b382e0,benign,Info
EDR-00253,2026-08-13 12:07:00,ENG-WKS-03,plc_config_tool.exe,TeamViewer_Host.exe,sha256:1db3d8bcfd21c6,benign,Info
EDR-00268,2026-08-13 12:08:00,ENG-WKS-02,plc_config_tool.exe,TeamViewer_Host.exe,sha256:3a3a7ab8c1464,benign,Info
EDR-00267,2026-08-13 12:15:00,ENG-WKS-03,patch_deploy.exe,svchost.exe,sha256:1ca4b12ad565d6,benign,Info
EDR-00252,2026-08-13 12:26:00,ENG-WKS-04,plc_config_tool.exe,TeamViewer_Host.exe,sha256:16296bbabcc6ae,benign,Info
EDR-00274,2026-08-13 12:29:00,ENG-WKS-05,patch_deploy.exe,svchost.exe,sha256:1ab3dccab737fe,benign,Info
EDR-00249,2026-08-13 12:54:00,ENG-WKS-02,plc_config_tool.exe,TeamViewer_Host.exe,sha256:b6af5e9ac0bfe,benign,Info
EDR-00255,2026-08-13 13:05:00,ENG-WKS-05,plc_config_tool.exe,TeamViewer_Host.exe,sha256:cace705087c5b,benign,Info
EDR-00257,2026-08-13 13:09:00,ENG-WKS-05,patch_deploy.exe,svchost.exe,sha256:fbeab5c31bb06,benign,Info
EDR-00270,2026-08-13 14:16:00,ENG-WKS-04,patch_deploy.exe,svchost.exe,sha256:147cb783f049da,benign,Info
EDR-00266,2026-08-13 14:30:00,ENG-WKS-04,TeamViewer_Host.exe,explorer.exe,sha256:10ac53072e0a6e,benign,Info
EDR-00248,2026-08-13 15:33:00,ENG-WKS-03,patch_deploy.exe,svchost.exe,sha256:1e6ef91e40ef85,benign,Info
EDR-00258,2026-08-13 15:52:00,ENG-WKS-01,plc_config_tool.exe,TeamViewer_Host.exe,sha256:8db2ee4d02546,benign,Info
EDR-00271,2026-08-13 16:05:00,ENG-WKS-02,plc_config_tool.exe,TeamViewer_Host.exe,sha256:687a2fe18633a,benign,Info
EDR-00264,2026-08-13 16:08:00,ENG-WKS-05,patch_deploy.exe,svchost.exe,sha256:13a43d10df2bd6,benign,Info
EDR-00259,2026-08-13 16:32:00,JUMP-OT-01,TeamViewer_Host.exe,explorer.exe,sha256:1020d93861c3cb,benign,Info
EDR-00256,2026-08-13 16:44:00,ENG-WKS-05,patch_deploy.exe,svchost.exe,sha256:bb5ce2f415631,benign,Info
EDR-00272,2026-08-13 16:50:00,ENG-WKS-02,TeamViewer_Host.exe,explorer.exe,sha256:f14e21ae4217e,benign,Info
EDR-00262,2026-08-13 17:53:00,ENG-WKS-04,plc_config_tool.exe,TeamViewer_Host.exe,sha256:181b225f136c79,benign,Info
EDR-00263,2026-08-13 18:04:00,ENG-WKS-02,TeamViewer_Host.exe,explorer.exe,sha256:b8928e1004056,benign,Info
EDR-00290,2026-08-14 08:38:00,ENG-WKS-04,TeamViewer_Host.exe,explorer.exe,sha256:1aed4e0bf551cf,benign,Info
EDR-00284,2026-08-14 08:45:00,ENG-WKS-04,patch_deploy.exe,svchost.exe,sha256:1983ab4835cd59,benign,Info
EDR-00286,2026-08-14 09:27:00,ENG-WKS-03,patch_deploy.exe,svchost.exe,sha256:2328624599d0c9,benign,Info
EDR-00278,2026-08-14 10:01:00,JUMP-OT-01,TeamViewer_Host.exe,explorer.exe,sha256:21c32702ad2d99,benign,Info
EDR-00283,2026-08-14 10:07:00,ENG-WKS-03,TeamViewer_Host.exe,explorer.exe,sha256:ec9f3937c8302,benign,Info
EDR-00292,2026-08-14 10:25:00,ENG-WKS-01,TeamViewer_Host.exe,explorer.exe,sha256:475147c38e9f8,benign,Info
EDR-00289,2026-08-14 10:29:00,ENG-WKS-01,plc_config_tool.exe,TeamViewer_Host.exe,sha256:75bc2de63ca9d,benign,Info
EDR-00285,2026-08-14 10:32:00,ENG-WKS-05,plc_config_tool.exe,TeamViewer_Host.exe,sha256:1e476944204614,benign,Info
EDR-00288,2026-08-14 10:45:00,ENG-WKS-04,patch_deploy.exe,svchost.exe,sha256:23787242f8838c,benign,Info
EDR-00295,2026-08-14 11:03:00,ENG-WKS-04,patch_deploy.exe,svchost.exe,sha256:1b2f27a34cf63f,benign,Info
EDR-00291,2026-08-14 11:11:00,ENG-WKS-05,TeamViewer_Host.exe,explorer.exe,sha256:1f795bcaaa791e,benign,Info
EDR-00287,2026-08-14 11:50:00,ENG-WKS-05,plc_config_tool.exe,TeamViewer_Host.exe,sha256:ed95457a618a8,benign,Info
EDR-00281,2026-08-14 12:02:00,ENG-WKS-01,plc_config_tool.exe,TeamViewer_Host.exe,sha256:184a8d84ff745f,benign,Info
EDR-00279,2026-08-14 12:26:00,ENG-WKS-04,TeamViewer_Host.exe,explorer.exe,sha256:233d47ac9b0f0d,benign,Info
EDR-00282,2026-08-14 13:06:00,ENG-WKS-03,TeamViewer_Host.exe,explorer.exe,sha256:7e057bc0290a2,benign,Info
EDR-00280,2026-08-14 13:17:00,JUMP-OT-01,patch_deploy.exe,svchost.exe,sha256:1fed73d8419ba2,benign,Info
EDR-00277,2026-08-14 13:31:00,ENG-WKS-04,patch_deploy.exe,svchost.exe,sha256:6c45010745228,benign,Info
EDR-00293,2026-08-14 13:33:00,ENG-WKS-03,patch_deploy.exe,svchost.exe,sha256:1172ed2c5c13f0,benign,Info
EDR-00294,2026-08-14 14:45:00,ENG-WKS-04,TeamViewer_Host.exe,explorer.exe,sha256:19449b52b48bd9,benign,Info
EDR-00296,2026-08-14 15:14:00,JUMP-OT-01,TeamViewer_Host.exe,explorer.exe,sha256:1d884ef7499a81,benign,Info
EDR-00276,2026-08-14 16:30:00,ENG-WKS-05,patch_deploy.exe,svchost.exe,sha256:191bbe13ad9572,benign,Info
EDR-00587,2026-08-15 01:35:00,JUMP-OT-01,cred_dump_tool.exe,svchost.exe,sha256:1a226c1563c425,credential_access,High
EDR-00588,2026-08-15 04:50:00,ENG-WKS-02,archive_stager.exe,cred_dump_tool.exe,sha256:6282364405281,collection_staging,High
EDR-00589,2026-08-15 07:25:00,ENG-WKS-04,logging_disable.bat,cmd.exe,sha256:12945fc02310c5,defense_evasion,Critical
EDR-00311,2026-08-15 09:18:00,ENG-WKS-01,plc_config_tool.exe,TeamViewer_Host.exe,sha256:e131f119180a4,benign,Info
EDR-00312,2026-08-15 09:32:00,ENG-WKS-03,plc_config_tool.exe,TeamViewer_Host.exe,sha256:21a702328e9e1c,benign,Info
EDR-00309,2026-08-15 09:52:00,ENG-WKS-03,TeamViewer_Host.exe,explorer.exe,sha256:c54f9f138c8e8,benign,Info
EDR-00315,2026-08-15 10:23:00,ENG-WKS-04,patch_deploy.exe,svchost.exe,sha256:a136f40f1b47f,benign,Info
EDR-00313,2026-08-15 10:42:00,ENG-WKS-01,TeamViewer_Host.exe,explorer.exe,sha256:83d0bf89bf921,benign,Info
EDR-00303,2026-08-15 11:18:00,ENG-WKS-03,patch_deploy.exe,svchost.exe,sha256:dcfb097b20432,benign,Info
EDR-00306,2026-08-15 11:19:00,ENG-WKS-02,plc_config_tool.exe,TeamViewer_Host.exe,sha256:78351bd665205,benign,Info
EDR-00301,2026-08-15 11:22:00,ENG-WKS-03,plc_config_tool.exe,TeamViewer_Host.exe,sha256:afd0bdb8a123a,benign,Info
EDR-00310,2026-08-15 11:24:00,ENG-WKS-01,plc_config_tool.exe,TeamViewer_Host.exe,sha256:8ba77f870242b,benign,Info
EDR-00299,2026-08-15 11:31:00,ENG-WKS-04,plc_config_tool.exe,TeamViewer_Host.exe,sha256:50342db80d033,benign,Info
EDR-00304,2026-08-15 11:45:00,ENG-WKS-04,plc_config_tool.exe,TeamViewer_Host.exe,sha256:115affe64611c5,benign,Info
EDR-00302,2026-08-15 13:03:00,ENG-WKS-04,patch_deploy.exe,svchost.exe,sha256:fb5e51af57bec,benign,Info
EDR-00317,2026-08-15 13:25:00,ENG-WKS-03,patch_deploy.exe,svchost.exe,sha256:facce081a07c1,benign,Info
EDR-00316,2026-08-15 14:37:00,JUMP-OT-01,TeamViewer_Host.exe,explorer.exe,sha256:2154247eeaa81a,benign,Info
EDR-00300,2026-08-15 14:47:00,ENG-WKS-02,plc_config_tool.exe,TeamViewer_Host.exe,sha256:b65d8c1e890d0,benign,Info
EDR-00298,2026-08-15 14:49:00,ENG-WKS-02,plc_config_tool.exe,TeamViewer_Host.exe,sha256:1854a046f5ca41,benign,Info
EDR-00305,2026-08-15 14:58:00,ENG-WKS-04,plc_config_tool.exe,TeamViewer_Host.exe,sha256:14592ccc1dd825,benign,Info
EDR-00318,2026-08-15 15:38:00,ENG-WKS-05,plc_config_tool.exe,TeamViewer_Host.exe,sha256:210f8e938710bb,benign,Info
EDR-00307,2026-08-15 15:39:00,ENG-WKS-03,plc_config_tool.exe,TeamViewer_Host.exe,sha256:214fc964dfa505,benign,Info
EDR-00308,2026-08-15 17:02:00,ENG-WKS-02,patch_deploy.exe,svchost.exe,sha256:4335758eb6ac4,benign,Info
EDR-00297,2026-08-15 17:51:00,ENG-WKS-05,plc_config_tool.exe,TeamViewer_Host.exe,sha256:1259b69d64f559,benign,Info
EDR-00314,2026-08-15 17:58:00,JUMP-OT-01,plc_config_tool.exe,TeamViewer_Host.exe,sha256:231a10d6fe5fce,benign,Info
EDR-00590,2026-08-15 21:35:00,HIST-SRV-01,archive_stager.exe,cred_dump_tool.exe,sha256:4747bfd7eed33,collection_staging,High
EDR-00327,2026-08-16 08:05:00,ENG-WKS-05,plc_config_tool.exe,TeamViewer_Host.exe,sha256:2319795ed67b07,benign,Info
EDR-00328,2026-08-16 09:07:00,ENG-WKS-01,patch_deploy.exe,svchost.exe,sha256:8f1ede93be447,benign,Info
EDR-00319,2026-08-16 10:34:00,ENG-WKS-03,patch_deploy.exe,svchost.exe,sha256:149b8317db417a,benign,Info
EDR-00323,2026-08-16 10:40:00,ENG-WKS-01,TeamViewer_Host.exe,explorer.exe,sha256:196c584d913260,benign,Info
EDR-00332,2026-08-16 10:41:00,JUMP-OT-01,TeamViewer_Host.exe,explorer.exe,sha256:3ee284d546521,benign,Info
EDR-00333,2026-08-16 11:14:00,ENG-WKS-02,TeamViewer_Host.exe,explorer.exe,sha256:228fb1e1e0df3a,benign,Info
EDR-00324,2026-08-16 11:28:00,ENG-WKS-04,plc_config_tool.exe,TeamViewer_Host.exe,sha256:19d910d0d1c846,benign,Info
EDR-00329,2026-08-16 13:17:00,ENG-WKS-04,TeamViewer_Host.exe,explorer.exe,sha256:1d145b722e80dd,benign,Info
EDR-00331,2026-08-16 13:46:00,ENG-WKS-01,plc_config_tool.exe,TeamViewer_Host.exe,sha256:141c90a9a18876,benign,Info
EDR-00320,2026-08-16 14:07:00,ENG-WKS-01,plc_config_tool.exe,TeamViewer_Host.exe,sha256:8821e55274f0e,benign,Info
EDR-00325,2026-08-16 14:35:00,ENG-WKS-04,patch_deploy.exe,svchost.exe,sha256:1fc04dde65ac6a,benign,Info
EDR-00326,2026-08-16 14:47:00,ENG-WKS-04,plc_config_tool.exe,TeamViewer_Host.exe,sha256:dd5ce58ba5824,benign,Info
EDR-00330,2026-08-16 15:38:00,ENG-WKS-02,patch_deploy.exe,svchost.exe,sha256:87699589e5210,benign,Info
EDR-00321,2026-08-16 16:14:00,ENG-WKS-05,patch_deploy.exe,svchost.exe,sha256:1a37d9f83280cf,benign,Info
EDR-00322,2026-08-16 16:33:00,ENG-WKS-01,TeamViewer_Host.exe,explorer.exe,sha256:8b3b9f93aae83,benign,Info
EDR-00339,2026-08-17 07:49:00,ENG-WKS-05,TeamViewer_Host.exe,explorer.exe,sha256:6bc06b10204ba,benign,Info
EDR-00351,2026-08-17 10:10:00,ENG-WKS-05,TeamViewer_Host.exe,explorer.exe,sha256:81202e1f3fee1,benign,Info
EDR-00346,2026-08-17 11:05:00,ENG-WKS-01,plc_config_tool.exe,TeamViewer_Host.exe,sha256:718094141a37e,benign,Info
EDR-00336,2026-08-17 11:10:00,JUMP-OT-01,TeamViewer_Host.exe,explorer.exe,sha256:7a6b913391cf5,benign,Info
EDR-00357,2026-08-17 11:18:00,ENG-WKS-05,plc_config_tool.exe,TeamViewer_Host.exe,sha256:20ed2e1b3620a7,benign,Info
EDR-00356,2026-08-17 11:22:00,JUMP-OT-01,patch_deploy.exe,svchost.exe,sha256:11db89236a0fd7,benign,Info
EDR-00345,2026-08-17 11:28:00,ENG-WKS-01,TeamViewer_Host.exe,explorer.exe,sha256:1b652e8e90cba9,benign,Info
EDR-00338,2026-08-17 11:39:00,ENG-WKS-02,TeamViewer_Host.exe,explorer.exe,sha256:1f88954b576365,benign,Info
EDR-00342,2026-08-17 11:47:00,ENG-WKS-04,TeamViewer_Host.exe,explorer.exe,sha256:151aef940c18df,benign,Info
EDR-00341,2026-08-17 11:55:00,ENG-WKS-02,TeamViewer_Host.exe,explorer.exe,sha256:1711f467c3790b,benign,Info
EDR-00358,2026-08-17 12:14:00,ENG-WKS-05,plc_config_tool.exe,TeamViewer_Host.exe,sha256:184956168b25f2,benign,Info
EDR-00355,2026-08-17 12:18:00,ENG-WKS-05,TeamViewer_Host.exe,explorer.exe,sha256:17dfb009d85cc8,benign,Info
EDR-00350,2026-08-17 12:19:00,ENG-WKS-04,plc_config_tool.exe,TeamViewer_Host.exe,sha256:12b7627e34543e,benign,Info
EDR-00343,2026-08-17 13:02:00,ENG-WKS-02,plc_config_tool.exe,TeamViewer_Host.exe,sha256:187fe5f1d8f9e3,benign,Info
EDR-00353,2026-08-17 13:22:00,ENG-WKS-04,TeamViewer_Host.exe,explorer.exe,sha256:babb545bd9b5f,benign,Info
EDR-00359,2026-08-17 13:36:00,ENG-WKS-01,plc_config_tool.exe,TeamViewer_Host.exe,sha256:1365abd48db7d6,benign,Info
EDR-00348,2026-08-17 13:53:00,ENG-WKS-02,plc_config_tool.exe,TeamViewer_Host.exe,sha256:c7602e1f886c2,benign,Info
EDR-00349,2026-08-17 14:46:00,ENG-WKS-05,patch_deploy.exe,svchost.exe,sha256:67af40f67d250,benign,Info
EDR-00334,2026-08-17 15:06:00,JUMP-OT-01,TeamViewer_Host.exe,explorer.exe,sha256:14e9b7d8550932,benign,Info
EDR-00344,2026-08-17 15:12:00,ENG-WKS-01,patch_deploy.exe,svchost.exe,sha256:1e110b78d48e28,benign,Info
EDR-00335,2026-08-17 15:50:00,ENG-WKS-02,TeamViewer_Host.exe,explorer.exe,sha256:15e6ad95396641,benign,Info
EDR-00337,2026-08-17 15:56:00,ENG-WKS-04,plc_config_tool.exe,TeamViewer_Host.exe,sha256:1dc1b3ab9ab6e7,benign,Info
EDR-00354,2026-08-17 16:13:00,ENG-WKS-03,TeamViewer_Host.exe,explorer.exe,sha256:174e5a1e58b01b,benign,Info
EDR-00347,2026-08-17 16:45:00,ENG-WKS-04,patch_deploy.exe,svchost.exe,sha256:ceb4ebe9e1187,benign,Info
EDR-00352,2026-08-17 17:16:00,ENG-WKS-03,TeamViewer_Host.exe,explorer.exe,sha256:fa380c2217a40,benign,Info
EDR-00340,2026-08-17 17:36:00,ENG-WKS-05,patch_deploy.exe,svchost.exe,sha256:57e69145644f5,benign,Info
EDR-00370,2026-08-18 07:23:00,JUMP-OT-01,patch_deploy.exe,svchost.exe,sha256:126fd29e8b12ad,benign,Info
EDR-00374,2026-08-18 09:42:00,ENG-WKS-04,plc_config_tool.exe,TeamViewer_Host.exe,sha256:985a7754eddbc,benign,Info
EDR-00371,2026-08-18 11:02:00,JUMP-OT-01,TeamViewer_Host.exe,explorer.exe,sha256:bcac7b49f464f,benign,Info
EDR-00377,2026-08-18 11:09:00,ENG-WKS-01,patch_deploy.exe,svchost.exe,sha256:c46c7d40567b4,benign,Info
EDR-00372,2026-08-18 11:56:00,ENG-WKS-03,patch_deploy.exe,svchost.exe,sha256:9cd17a91ea4f2,benign,Info
EDR-00376,2026-08-18 12:00:00,ENG-WKS-02,plc_config_tool.exe,TeamViewer_Host.exe,sha256:17c65a6b332bf4,benign,Info
EDR-00367,2026-08-18 12:06:00,ENG-WKS-02,TeamViewer_Host.exe,explorer.exe,sha256:1be23d3116e0a9,benign,Info
EDR-00380,2026-08-18 12:37:00,ENG-WKS-02,patch_deploy.exe,svchost.exe,sha256:21bc20fee3b6e8,benign,Info
EDR-00365,2026-08-18 12:52:00,ENG-WKS-01,plc_config_tool.exe,TeamViewer_Host.exe,sha256:171677c3c5470f,benign,Info
EDR-00369,2026-08-18 13:32:00,ENG-WKS-05,plc_config_tool.exe,TeamViewer_Host.exe,sha256:20d7d8b3a705e1,benign,Info
EDR-00360,2026-08-18 13:50:00,ENG-WKS-04,TeamViewer_Host.exe,explorer.exe,sha256:c2ebe2f785526,benign,Info
EDR-00375,2026-08-18 13:56:00,ENG-WKS-01,patch_deploy.exe,svchost.exe,sha256:1a4aaf12732d59,benign,Info
EDR-00373,2026-08-18 13:57:00,ENG-WKS-01,TeamViewer_Host.exe,explorer.exe,sha256:192b040292ca34,benign,Info
EDR-00361,2026-08-18 14:35:00,ENG-WKS-02,TeamViewer_Host.exe,explorer.exe,sha256:1fc7b03a98e7e5,benign,Info
EDR-00378,2026-08-18 14:55:00,ENG-WKS-02,TeamViewer_Host.exe,explorer.exe,sha256:e24ef38ceae21,benign,Info
EDR-00379,2026-08-18 15:27:00,ENG-WKS-05,patch_deploy.exe,svchost.exe,sha256:14dfdeb4e6c35f,benign,Info
EDR-00366,2026-08-18 15:46:00,ENG-WKS-03,TeamViewer_Host.exe,explorer.exe,sha256:aa64636b77ff4,benign,Info
EDR-00368,2026-08-18 15:55:00,ENG-WKS-05,TeamViewer_Host.exe,explorer.exe,sha256:120e882c85af4d,benign,Info
EDR-00364,2026-08-18 16:04:00,ENG-WKS-03,patch_deploy.exe,svchost.exe,sha256:1ab027c13f11f4,benign,Info
EDR-00362,2026-08-18 18:04:00,ENG-WKS-02,plc_config_tool.exe,TeamViewer_Host.exe,sha256:10a71554f62997,benign,Info
EDR-00363,2026-08-18 18:10:00,ENG-WKS-04,TeamViewer_Host.exe,explorer.exe,sha256:41291061e11e2,benign,Info
EDR-00387,2026-08-19 09:48:00,ENG-WKS-01,TeamViewer_Host.exe,explorer.exe,sha256:9811fe5a19925,benign,Info
EDR-00386,2026-08-19 10:51:00,ENG-WKS-01,plc_config_tool.exe,TeamViewer_Host.exe,sha256:16b0b89a925f53,benign,Info
EDR-00381,2026-08-19 11:32:00,ENG-WKS-03,TeamViewer_Host.exe,explorer.exe,sha256:4ed1f4fdb4101,benign,Info
EDR-00383,2026-08-19 12:02:00,JUMP-OT-01,plc_config_tool.exe,TeamViewer_Host.exe,sha256:d40734f5cd78b,benign,Info
EDR-00385,2026-08-19 13:02:00,ENG-WKS-01,patch_deploy.exe,svchost.exe,sha256:1a4f38a3cc02a7,benign,Info
EDR-00396,2026-08-19 13:10:00,ENG-WKS-05,patch_deploy.exe,svchost.exe,sha256:1acc6865f44fe6,benign,Info
EDR-00388,2026-08-19 13:19:00,ENG-WKS-03,patch_deploy.exe,svchost.exe,sha256:20d7957c7e4d1c,benign,Info
EDR-00382,2026-08-19 13:43:00,ENG-WKS-02,plc_config_tool.exe,TeamViewer_Host.exe,sha256:55e92b69e0958,benign,Info
EDR-00393,2026-08-19 14:28:00,ENG-WKS-05,patch_deploy.exe,svchost.exe,sha256:4d666280aefa9,benign,Info
EDR-00395,2026-08-19 14:45:00,ENG-WKS-01,TeamViewer_Host.exe,explorer.exe,sha256:1344c09983fae7,benign,Info
EDR-00389,2026-08-19 14:46:00,ENG-WKS-01,patch_deploy.exe,svchost.exe,sha256:2263465d75079e,benign,Info
EDR-00391,2026-08-19 15:03:00,ENG-WKS-04,TeamViewer_Host.exe,explorer.exe,sha256:600d11a80808e,benign,Info
EDR-00390,2026-08-19 15:08:00,JUMP-OT-01,TeamViewer_Host.exe,explorer.exe,sha256:19a2c0dde4cd0e,benign,Info
EDR-00394,2026-08-19 15:52:00,ENG-WKS-01,patch_deploy.exe,svchost.exe,sha256:13c56f9584b898,benign,Info
EDR-00392,2026-08-19 16:36:00,ENG-WKS-05,plc_config_tool.exe,TeamViewer_Host.exe,sha256:1a47663c1c3eb6,benign,Info
EDR-00384,2026-08-19 18:10:00,ENG-WKS-04,TeamViewer_Host.exe,explorer.exe,sha256:1dfeedeb359a7a,benign,Info
EDR-00410,2026-08-20 09:30:00,ENG-WKS-01,TeamViewer_Host.exe,explorer.exe,sha256:7ca723c954621,benign,Info
EDR-00403,2026-08-20 10:06:00,ENG-WKS-02,plc_config_tool.exe,TeamViewer_Host.exe,sha256:19f9b6a4ead65a,benign,Info
EDR-00408,2026-08-20 10:27:00,ENG-WKS-01,TeamViewer_Host.exe,explorer.exe,sha256:18466fc93c2b8f,benign,Info
EDR-00402,2026-08-20 11:05:00,ENG-WKS-04,TeamViewer_Host.exe,explorer.exe,sha256:58daae6f96a8a,benign,Info
EDR-00409,2026-08-20 11:29:00,ENG-WKS-03,TeamViewer_Host.exe,explorer.exe,sha256:14200cb5005198,benign,Info
EDR-00405,2026-08-20 11:44:00,JUMP-OT-01,plc_config_tool.exe,TeamViewer_Host.exe,sha256:c863d4e44ec78,benign,Info
EDR-00401,2026-08-20 11:55:00,ENG-WKS-02,patch_deploy.exe,svchost.exe,sha256:213b8c42c3554d,benign,Info
EDR-00398,2026-08-20 12:14:00,ENG-WKS-02,plc_config_tool.exe,TeamViewer_Host.exe,sha256:19eeac9bab2dac,benign,Info
EDR-00406,2026-08-20 12:50:00,ENG-WKS-01,TeamViewer_Host.exe,explorer.exe,sha256:1d8304e589290e,benign,Info
EDR-00400,2026-08-20 13:34:00,ENG-WKS-04,patch_deploy.exe,svchost.exe,sha256:1be6c7b1ff7d3e,benign,Info
EDR-00399,2026-08-20 13:38:00,ENG-WKS-02,TeamViewer_Host.exe,explorer.exe,sha256:68fbd767c81c6,benign,Info
EDR-00397,2026-08-20 13:51:00,ENG-WKS-01,plc_config_tool.exe,TeamViewer_Host.exe,sha256:9c9e62c086076,benign,Info
EDR-00412,2026-08-20 13:56:00,ENG-WKS-03,plc_config_tool.exe,TeamViewer_Host.exe,sha256:20f13bf62f4a3c,benign,Info
EDR-00411,2026-08-20 14:57:00,ENG-WKS-03,TeamViewer_Host.exe,explorer.exe,sha256:dd9dec1ebd704,benign,Info
EDR-00404,2026-08-20 14:58:00,ENG-WKS-03,plc_config_tool.exe,TeamViewer_Host.exe,sha256:83c241a46a8d0,benign,Info
EDR-00407,2026-08-20 17:45:00,ENG-WKS-01,TeamViewer_Host.exe,explorer.exe,sha256:1d61fb0bce2f79,benign,Info
EDR-00428,2026-08-21 08:45:00,ENG-WKS-03,patch_deploy.exe,svchost.exe,sha256:4663cf59ee49f,benign,Info
EDR-00419,2026-08-21 09:29:00,ENG-WKS-03,TeamViewer_Host.exe,explorer.exe,sha256:1bf65c879975fe,benign,Info
EDR-00430,2026-08-21 09:59:00,JUMP-OT-01,plc_config_tool.exe,TeamViewer_Host.exe,sha256:5880e29a6306c,benign,Info
EDR-00416,2026-08-21 10:02:00,ENG-WKS-05,TeamViewer_Host.exe,explorer.exe,sha256:d6cbda09d65c5,benign,Info
EDR-00434,2026-08-21 10:06:00,JUMP-OT-01,patch_deploy.exe,svchost.exe,sha256:3f38821d06b8a,benign,Info
EDR-00413,2026-08-21 10:52:00,ENG-WKS-02,plc_config_tool.exe,TeamViewer_Host.exe,sha256:e99df0ba5a1ce,benign,Info
EDR-00429,2026-08-21 11:28:00,ENG-WKS-03,TeamViewer_Host.exe,explorer.exe,sha256:bbc78cb4fe9e6,benign,Info
EDR-00431,2026-08-21 11:28:00,ENG-WKS-01,plc_config_tool.exe,TeamViewer_Host.exe,sha256:5d7485237c6fe,benign,Info
EDR-00418,2026-08-21 11:41:00,ENG-WKS-01,TeamViewer_Host.exe,explorer.exe,sha256:e61df25075041,benign,Info
EDR-00432,2026-08-21 11:56:00,ENG-WKS-01,plc_config_tool.exe,TeamViewer_Host.exe,sha256:1744f698eb90e5,benign,Info
EDR-00425,2026-08-21 12:08:00,ENG-WKS-02,plc_config_tool.exe,TeamViewer_Host.exe,sha256:66f97d66beaac,benign,Info
EDR-00437,2026-08-21 12:34:00,ENG-WKS-03,TeamViewer_Host.exe,explorer.exe,sha256:21bdc0fdbe8701,benign,Info
EDR-00421,2026-08-21 12:41:00,JUMP-OT-01,patch_deploy.exe,svchost.exe,sha256:1a1106bbd4143c,benign,Info
EDR-00420,2026-08-21 12:57:00,ENG-WKS-03,patch_deploy.exe,svchost.exe,sha256:1691e5127bcc9d,benign,Info
EDR-00438,2026-08-21 13:16:00,ENG-WKS-03,TeamViewer_Host.exe,explorer.exe,sha256:f46ff8d442071,benign,Info
EDR-00414,2026-08-21 13:48:00,ENG-WKS-02,TeamViewer_Host.exe,explorer.exe,sha256:229c81f6feca26,benign,Info
EDR-00417,2026-08-21 14:11:00,ENG-WKS-01,TeamViewer_Host.exe,explorer.exe,sha256:616bd492dcfcb,benign,Info
EDR-00426,2026-08-21 14:26:00,ENG-WKS-01,plc_config_tool.exe,TeamViewer_Host.exe,sha256:161116e27341e9,benign,Info
EDR-00433,2026-08-21 14:29:00,ENG-WKS-04,TeamViewer_Host.exe,explorer.exe,sha256:1b21f1279e92c3,benign,Info
EDR-00423,2026-08-21 14:38:00,ENG-WKS-04,plc_config_tool.exe,TeamViewer_Host.exe,sha256:4a09b853e6422,benign,Info
EDR-00435,2026-08-21 14:47:00,ENG-WKS-02,patch_deploy.exe,svchost.exe,sha256:1d2ce5ee5cbe8a,benign,Info
EDR-00424,2026-08-21 15:16:00,ENG-WKS-01,TeamViewer_Host.exe,explorer.exe,sha256:17f9cbcf4ee48b,benign,Info
EDR-00415,2026-08-21 15:24:00,ENG-WKS-03,TeamViewer_Host.exe,explorer.exe,sha256:132ffaffd6ca26,benign,Info
EDR-00436,2026-08-21 15:36:00,ENG-WKS-04,patch_deploy.exe,svchost.exe,sha256:1eb11400672f60,benign,Info
EDR-00422,2026-08-21 15:49:00,ENG-WKS-04,plc_config_tool.exe,TeamViewer_Host.exe,sha256:de82a49d47a77,benign,Info
EDR-00427,2026-08-21 18:14:00,ENG-WKS-05,plc_config_tool.exe,TeamViewer_Host.exe,sha256:22731261309d18,benign,Info
EDR-00441,2026-08-22 07:09:00,ENG-WKS-03,patch_deploy.exe,svchost.exe,sha256:190932d0aeac12,benign,Info
EDR-00442,2026-08-22 10:08:00,ENG-WKS-04,plc_config_tool.exe,TeamViewer_Host.exe,sha256:1c4bce15f8cb1d,benign,Info
EDR-00453,2026-08-22 10:12:00,ENG-WKS-04,patch_deploy.exe,svchost.exe,sha256:21c0e5b1b12b60,benign,Info
EDR-00449,2026-08-22 11:53:00,ENG-WKS-01,patch_deploy.exe,svchost.exe,sha256:8c52e858ebe4d,benign,Info
EDR-00439,2026-08-22 12:21:00,ENG-WKS-02,plc_config_tool.exe,TeamViewer_Host.exe,sha256:ce66a5267d95c,benign,Info
EDR-00443,2026-08-22 12:23:00,ENG-WKS-02,plc_config_tool.exe,TeamViewer_Host.exe,sha256:4ca74eacb70e5,benign,Info
EDR-00448,2026-08-22 12:23:00,ENG-WKS-02,TeamViewer_Host.exe,explorer.exe,sha256:11a79f39e5c20c,benign,Info
EDR-00450,2026-08-22 12:43:00,JUMP-OT-01,plc_config_tool.exe,TeamViewer_Host.exe,sha256:3e0686cc306a9,benign,Info
EDR-00440,2026-08-22 13:11:00,JUMP-OT-01,plc_config_tool.exe,TeamViewer_Host.exe,sha256:1dd41432627d13,benign,Info
EDR-00454,2026-08-22 14:08:00,ENG-WKS-04,TeamViewer_Host.exe,explorer.exe,sha256:7f96fb52f7534,benign,Info
EDR-00444,2026-08-22 15:12:00,ENG-WKS-01,plc_config_tool.exe,TeamViewer_Host.exe,sha256:ef21d4e241e46,benign,Info
EDR-00447,2026-08-22 15:35:00,JUMP-OT-01,patch_deploy.exe,svchost.exe,sha256:19be912aff497c,benign,Info
EDR-00455,2026-08-22 15:41:00,ENG-WKS-03,plc_config_tool.exe,TeamViewer_Host.exe,sha256:1b3a5ff5e64e84,benign,Info
EDR-00456,2026-08-22 15:51:00,ENG-WKS-01,TeamViewer_Host.exe,explorer.exe,sha256:713494e68067e,benign,Info
EDR-00446,2026-08-22 16:10:00,ENG-WKS-05,plc_config_tool.exe,TeamViewer_Host.exe,sha256:164331bd39c111,benign,Info
EDR-00445,2026-08-22 17:33:00,ENG-WKS-04,plc_config_tool.exe,TeamViewer_Host.exe,sha256:18e0e1b650d7ff,benign,Info
EDR-00452,2026-08-22 18:28:00,JUMP-OT-01,patch_deploy.exe,svchost.exe,sha256:155b6b7e2b9341,benign,Info
EDR-00451,2026-08-22 18:54:00,ENG-WKS-04,TeamViewer_Host.exe,explorer.exe,sha256:cb89f8c0280a0,benign,Info
EDR-00469,2026-08-23 10:02:00,ENG-WKS-04,TeamViewer_Host.exe,explorer.exe,sha256:f33f581cbcab5,benign,Info
EDR-00460,2026-08-23 12:06:00,ENG-WKS-05,patch_deploy.exe,svchost.exe,sha256:13e5ad3669c40b,benign,Info
EDR-00468,2026-08-23 12:19:00,ENG-WKS-03,plc_config_tool.exe,TeamViewer_Host.exe,sha256:bfebae0123b0e,benign,Info
EDR-00459,2026-08-23 12:22:00,JUMP-OT-01,TeamViewer_Host.exe,explorer.exe,sha256:13bb22105b3fc0,benign,Info
EDR-00461,2026-08-23 12:28:00,ENG-WKS-01,TeamViewer_Host.exe,explorer.exe,sha256:af92da1887e3b,benign,Info
EDR-00466,2026-08-23 12:33:00,ENG-WKS-05,patch_deploy.exe,svchost.exe,sha256:b7aaea23ad786,benign,Info
EDR-00472,2026-08-23 12:33:00,ENG-WKS-05,TeamViewer_Host.exe,explorer.exe,sha256:233c2e08b28dc9,benign,Info
EDR-00462,2026-08-23 12:37:00,ENG-WKS-03,patch_deploy.exe,svchost.exe,sha256:1ebd7385e223f9,benign,Info
EDR-00470,2026-08-23 12:52:00,ENG-WKS-01,TeamViewer_Host.exe,explorer.exe,sha256:1bbe2c7ddc524d,benign,Info
EDR-00471,2026-08-23 12:56:00,ENG-WKS-05,patch_deploy.exe,svchost.exe,sha256:19acd7b8d9ee2d,benign,Info
EDR-00464,2026-08-23 13:24:00,ENG-WKS-01,plc_config_tool.exe,TeamViewer_Host.exe,sha256:65063404508c2,benign,Info
EDR-00465,2026-08-23 13:41:00,ENG-WKS-04,patch_deploy.exe,svchost.exe,sha256:1dd2c515583928,benign,Info
EDR-00457,2026-08-23 13:51:00,ENG-WKS-05,TeamViewer_Host.exe,explorer.exe,sha256:1e3b9f5262ba17,benign,Info
EDR-00463,2026-08-23 14:29:00,ENG-WKS-01,plc_config_tool.exe,TeamViewer_Host.exe,sha256:189fbdb6183d23,benign,Info
EDR-00458,2026-08-23 14:31:00,ENG-WKS-03,TeamViewer_Host.exe,explorer.exe,sha256:1d883d0156b5e3,benign,Info
EDR-00467,2026-08-23 16:09:00,JUMP-OT-01,plc_config_tool.exe,TeamViewer_Host.exe,sha256:e10c0e7a87372,benign,Info
EDR-00476,2026-08-24 09:23:00,ENG-WKS-05,TeamViewer_Host.exe,explorer.exe,sha256:d79f3f0d2abee,benign,Info
EDR-00487,2026-08-24 10:43:00,JUMP-OT-01,patch_deploy.exe,svchost.exe,sha256:1d7330eb08073e,benign,Info
EDR-00473,2026-08-24 10:46:00,ENG-WKS-04,TeamViewer_Host.exe,explorer.exe,sha256:434d46b82c055,benign,Info
EDR-00480,2026-08-24 11:20:00,JUMP-OT-01,patch_deploy.exe,svchost.exe,sha256:1e5b8d6f91d0b7,benign,Info
EDR-00479,2026-08-24 11:49:00,ENG-WKS-05,TeamViewer_Host.exe,explorer.exe,sha256:159883aed82d5e,benign,Info
EDR-00477,2026-08-24 11:58:00,ENG-WKS-05,plc_config_tool.exe,TeamViewer_Host.exe,sha256:1536968d289997,benign,Info
EDR-00483,2026-08-24 12:35:00,ENG-WKS-02,patch_deploy.exe,svchost.exe,sha256:170ed23bf25871,benign,Info
EDR-00474,2026-08-24 13:15:00,JUMP-OT-01,plc_config_tool.exe,TeamViewer_Host.exe,sha256:1ccc62bf49360d,benign,Info
EDR-00484,2026-08-24 13:34:00,JUMP-OT-01,patch_deploy.exe,svchost.exe,sha256:1a7aee28b0e965,benign,Info
EDR-00485,2026-08-24 13:45:00,ENG-WKS-05,plc_config_tool.exe,TeamViewer_Host.exe,sha256:10ca7f6b6ad4dc,benign,Info
EDR-00475,2026-08-24 14:00:00,ENG-WKS-03,patch_deploy.exe,svchost.exe,sha256:1ce8ba82698aa3,benign,Info
EDR-00478,2026-08-24 14:22:00,ENG-WKS-03,plc_config_tool.exe,TeamViewer_Host.exe,sha256:11605b0e74cff5,benign,Info
EDR-00481,2026-08-24 14:33:00,JUMP-OT-01,TeamViewer_Host.exe,explorer.exe,sha256:192e156de18d1c,benign,Info
EDR-00486,2026-08-24 16:23:00,JUMP-OT-01,TeamViewer_Host.exe,explorer.exe,sha256:182c12a51b0597,benign,Info
EDR-00482,2026-08-24 17:47:00,ENG-WKS-05,TeamViewer_Host.exe,explorer.exe,sha256:137cea71569f11,benign,Info
EDR-00502,2026-08-25 07:55:00,ENG-WKS-04,plc_config_tool.exe,TeamViewer_Host.exe,sha256:1a49eb4310e0d6,benign,Info
EDR-00489,2026-08-25 08:14:00,JUMP-OT-01,patch_deploy.exe,svchost.exe,sha256:20ef2fb9410e38,benign,Info
EDR-00506,2026-08-25 09:08:00,JUMP-OT-01,patch_deploy.exe,svchost.exe,sha256:ddbd3cf8303ad,benign,Info
EDR-00498,2026-08-25 09:13:00,ENG-WKS-03,plc_config_tool.exe,TeamViewer_Host.exe,sha256:12e72ad1e30625,benign,Info
EDR-00490,2026-08-25 09:45:00,JUMP-OT-01,patch_deploy.exe,svchost.exe,sha256:14ed1262ca03fb,benign,Info
EDR-00496,2026-08-25 10:13:00,ENG-WKS-04,patch_deploy.exe,svchost.exe,sha256:d4274bdbfeb2b,benign,Info
EDR-00494,2026-08-25 11:29:00,JUMP-OT-01,patch_deploy.exe,svchost.exe,sha256:12b11ae316530b,benign,Info
EDR-00509,2026-08-25 12:35:00,ENG-WKS-05,patch_deploy.exe,svchost.exe,sha256:20d051040e27a3,benign,Info
EDR-00497,2026-08-25 12:43:00,ENG-WKS-01,plc_config_tool.exe,TeamViewer_Host.exe,sha256:1fe0e4f5a30748,benign,Info
EDR-00503,2026-08-25 13:04:00,ENG-WKS-04,patch_deploy.exe,svchost.exe,sha256:97344b095ec03,benign,Info
EDR-00492,2026-08-25 13:06:00,JUMP-OT-01,patch_deploy.exe,svchost.exe,sha256:116045d5f6f254,benign,Info
EDR-00507,2026-08-25 13:08:00,ENG-WKS-03,patch_deploy.exe,svchost.exe,sha256:bc280c3232314,benign,Info
EDR-00491,2026-08-25 13:31:00,ENG-WKS-02,plc_config_tool.exe,TeamViewer_Host.exe,sha256:1f506cb83bdb67,benign,Info
EDR-00505,2026-08-25 14:13:00,JUMP-OT-01,TeamViewer_Host.exe,explorer.exe,sha256:1bea629b75e6c7,benign,Info
EDR-00495,2026-08-25 14:37:00,ENG-WKS-01,patch_deploy.exe,svchost.exe,sha256:1cfb93b4f70341,benign,Info
EDR-00488,2026-08-25 14:40:00,ENG-WKS-04,plc_config_tool.exe,TeamViewer_Host.exe,sha256:1a2acbed9df9f3,benign,Info
EDR-00501,2026-08-25 15:02:00,ENG-WKS-03,patch_deploy.exe,svchost.exe,sha256:137c228f0f820a,benign,Info
EDR-00508,2026-08-25 15:44:00,ENG-WKS-05,TeamViewer_Host.exe,explorer.exe,sha256:1ce0902d28ee34,benign,Info
EDR-00500,2026-08-25 15:51:00,ENG-WKS-03,TeamViewer_Host.exe,explorer.exe,sha256:14279860503569,benign,Info
EDR-00493,2026-08-25 15:55:00,ENG-WKS-04,TeamViewer_Host.exe,explorer.exe,sha256:1e55c5678f8eb7,benign,Info
EDR-00504,2026-08-25 16:58:00,ENG-WKS-02,patch_deploy.exe,svchost.exe,sha256:12fe50510b8377,benign,Info
EDR-00499,2026-08-25 18:09:00,ENG-WKS-03,TeamViewer_Host.exe,explorer.exe,sha256:1ecb36c08c546c,benign,Info
EDR-00531,2026-08-26 08:03:00,ENG-WKS-04,patch_deploy.exe,svchost.exe,sha256:2002aad94252be,benign,Info
EDR-00512,2026-08-26 09:15:00,ENG-WKS-02,TeamViewer_Host.exe,explorer.exe,sha256:2373eb648cc34f,benign,Info
EDR-00516,2026-08-26 09:36:00,ENG-WKS-01,TeamViewer_Host.exe,explorer.exe,sha256:ac597e45e2d71,benign,Info
EDR-00517,2026-08-26 09:39:00,ENG-WKS-03,plc_config_tool.exe,TeamViewer_Host.exe,sha256:2004a897d1086c,benign,Info
EDR-00527,2026-08-26 09:45:00,ENG-WKS-05,TeamViewer_Host.exe,explorer.exe,sha256:b73dacac0f9c7,benign,Info
EDR-00524,2026-08-26 10:34:00,ENG-WKS-03,patch_deploy.exe,svchost.exe,sha256:a7ad61e7b13af,benign,Info
EDR-00515,2026-08-26 11:13:00,JUMP-OT-01,patch_deploy.exe,svchost.exe,sha256:8219ff0f3719e,benign,Info
EDR-00535,2026-08-26 11:20:00,ENG-WKS-01,patch_deploy.exe,svchost.exe,sha256:dd97d4417aa0c,benign,Info
EDR-00537,2026-08-26 11:44:00,ENG-WKS-01,patch_deploy.exe,svchost.exe,sha256:13202eaf6052fb,benign,Info
EDR-00523,2026-08-26 11:57:00,ENG-WKS-05,patch_deploy.exe,svchost.exe,sha256:1662e583efb4d6,benign,Info
EDR-00522,2026-08-26 12:08:00,JUMP-OT-01,TeamViewer_Host.exe,explorer.exe,sha256:6f4558db502f6,benign,Info
EDR-00520,2026-08-26 12:43:00,JUMP-OT-01,plc_config_tool.exe,TeamViewer_Host.exe,sha256:1e448bfcfca764,benign,Info
EDR-00525,2026-08-26 12:48:00,ENG-WKS-02,plc_config_tool.exe,TeamViewer_Host.exe,sha256:484c6dbe0d54a,benign,Info
EDR-00513,2026-08-26 12:52:00,ENG-WKS-04,TeamViewer_Host.exe,explorer.exe,sha256:11914fdc129516,benign,Info
EDR-00510,2026-08-26 13:06:00,ENG-WKS-05,plc_config_tool.exe,TeamViewer_Host.exe,sha256:1c78e38343e3f8,benign,Info
EDR-00533,2026-08-26 13:12:00,ENG-WKS-03,patch_deploy.exe,svchost.exe,sha256:15f6dae0cb167f,benign,Info
EDR-00521,2026-08-26 13:40:00,ENG-WKS-03,patch_deploy.exe,svchost.exe,sha256:190db77d4a1a87,benign,Info
EDR-00530,2026-08-26 13:53:00,ENG-WKS-02,plc_config_tool.exe,TeamViewer_Host.exe,sha256:1fac542672a797,benign,Info
EDR-00519,2026-08-26 14:09:00,ENG-WKS-03,TeamViewer_Host.exe,explorer.exe,sha256:176f4d58f6c899,benign,Info
EDR-00514,2026-08-26 14:15:00,JUMP-OT-01,TeamViewer_Host.exe,explorer.exe,sha256:13941e400a41a4,benign,Info
EDR-00511,2026-08-26 14:17:00,ENG-WKS-03,TeamViewer_Host.exe,explorer.exe,sha256:1d52e465f95792,benign,Info
EDR-00532,2026-08-26 14:23:00,JUMP-OT-01,TeamViewer_Host.exe,explorer.exe,sha256:10f9d5830ebd77,benign,Info
EDR-00526,2026-08-26 14:39:00,ENG-WKS-02,TeamViewer_Host.exe,explorer.exe,sha256:5358b0269aa4d,benign,Info
EDR-00529,2026-08-26 15:18:00,JUMP-OT-01,patch_deploy.exe,svchost.exe,sha256:6345d7db3f936,benign,Info
EDR-00518,2026-08-26 16:34:00,ENG-WKS-04,patch_deploy.exe,svchost.exe,sha256:f3d4df5115e98,benign,Info
EDR-00536,2026-08-26 17:17:00,JUMP-OT-01,TeamViewer_Host.exe,explorer.exe,sha256:54210182256c0,benign,Info
EDR-00528,2026-08-26 17:45:00,ENG-WKS-03,TeamViewer_Host.exe,explorer.exe,sha256:a460415dd856e,benign,Info
EDR-00534,2026-08-26 18:50:00,ENG-WKS-03,plc_config_tool.exe,TeamViewer_Host.exe,sha256:d06794529c6b4,benign,Info
EDR-00542,2026-08-27 08:01:00,ENG-WKS-03,plc_config_tool.exe,TeamViewer_Host.exe,sha256:196ed8ec791c9f,benign,Info
EDR-00548,2026-08-27 09:30:00,ENG-WKS-04,TeamViewer_Host.exe,explorer.exe,sha256:1dc3543fd68904,benign,Info
EDR-00551,2026-08-27 09:39:00,JUMP-OT-01,plc_config_tool.exe,TeamViewer_Host.exe,sha256:8e6d95cf68a30,benign,Info
EDR-00543,2026-08-27 11:04:00,ENG-WKS-04,TeamViewer_Host.exe,explorer.exe,sha256:e2525251f50a8,benign,Info
EDR-00544,2026-08-27 11:40:00,ENG-WKS-02,patch_deploy.exe,svchost.exe,sha256:1f4b2cf80b358c,benign,Info
EDR-00550,2026-08-27 12:42:00,ENG-WKS-04,plc_config_tool.exe,TeamViewer_Host.exe,sha256:208ce6b50aecc2,benign,Info
EDR-00554,2026-08-27 12:51:00,ENG-WKS-01,TeamViewer_Host.exe,explorer.exe,sha256:1a7a9f9783d84d,benign,Info
EDR-00545,2026-08-27 12:57:00,ENG-WKS-05,patch_deploy.exe,svchost.exe,sha256:1bac480095250e,benign,Info
EDR-00556,2026-08-27 13:12:00,ENG-WKS-04,patch_deploy.exe,svchost.exe,sha256:11f6fc590e08a9,benign,Info
EDR-00557,2026-08-27 13:37:00,ENG-WKS-04,plc_config_tool.exe,TeamViewer_Host.exe,sha256:e8bc8af09b96b,benign,Info
EDR-00555,2026-08-27 13:51:00,ENG-WKS-01,patch_deploy.exe,svchost.exe,sha256:d737ad3d31851,benign,Info
EDR-00549,2026-08-27 13:51:00,ENG-WKS-03,patch_deploy.exe,svchost.exe,sha256:b8305f17bd4a1,benign,Info
EDR-00552,2026-08-27 13:58:00,ENG-WKS-05,plc_config_tool.exe,TeamViewer_Host.exe,sha256:1cff6fcff456c3,benign,Info
EDR-00558,2026-08-27 14:15:00,ENG-WKS-03,TeamViewer_Host.exe,explorer.exe,sha256:8d4bcdbb669a7,benign,Info
EDR-00541,2026-08-27 14:17:00,ENG-WKS-04,TeamViewer_Host.exe,explorer.exe,sha256:5115b2898e5f4,benign,Info
EDR-00538,2026-08-27 15:11:00,ENG-WKS-01,plc_config_tool.exe,TeamViewer_Host.exe,sha256:220062b5f903e1,benign,Info
EDR-00547,2026-08-27 15:35:00,ENG-WKS-05,plc_config_tool.exe,TeamViewer_Host.exe,sha256:17f629a6b3695b,benign,Info
EDR-00553,2026-08-27 15:38:00,ENG-WKS-05,TeamViewer_Host.exe,explorer.exe,sha256:998388dfa4b5d,benign,Info
EDR-00539,2026-08-27 16:21:00,ENG-WKS-03,plc_config_tool.exe,TeamViewer_Host.exe,sha256:4cbff53a07b7e,benign,Info
EDR-00540,2026-08-27 16:36:00,ENG-WKS-02,patch_deploy.exe,svchost.exe,sha256:1b988cbb2eec76,benign,Info
EDR-00546,2026-08-27 16:51:00,JUMP-OT-01,plc_config_tool.exe,TeamViewer_Host.exe,sha256:1d309af0ef08a6,benign,Info
EDR-00584,2026-08-28 08:04:00,ENG-WKS-05,TeamViewer_Host.exe,explorer.exe,sha256:111c44356788e6,benign,Info
EDR-00578,2026-08-28 09:48:00,ENG-WKS-04,patch_deploy.exe,svchost.exe,sha256:17842e9d41fe83,benign,Info
EDR-00559,2026-08-28 09:59:00,ENG-WKS-01,plc_config_tool.exe,TeamViewer_Host.exe,sha256:b812351075560,benign,Info
EDR-00566,2026-08-28 10:11:00,ENG-WKS-02,patch_deploy.exe,svchost.exe,sha256:7a445159b461f,benign,Info
EDR-00562,2026-08-28 10:24:00,ENG-WKS-04,patch_deploy.exe,svchost.exe,sha256:1db3b01f4a71cc,benign,Info
EDR-00581,2026-08-28 11:02:00,JUMP-OT-01,plc_config_tool.exe,TeamViewer_Host.exe,sha256:19608e2b014551,benign,Info
EDR-00567,2026-08-28 11:20:00,JUMP-OT-01,TeamViewer_Host.exe,explorer.exe,sha256:defe3a25ac2f7,benign,Info
EDR-00575,2026-08-28 11:25:00,JUMP-OT-01,TeamViewer_Host.exe,explorer.exe,sha256:1e71016b0498b6,benign,Info
EDR-00565,2026-08-28 11:50:00,ENG-WKS-03,plc_config_tool.exe,TeamViewer_Host.exe,sha256:14554fc87ad211,benign,Info
EDR-00564,2026-08-28 12:06:00,ENG-WKS-05,patch_deploy.exe,svchost.exe,sha256:6450d2e8cc0be,benign,Info
EDR-00570,2026-08-28 12:07:00,ENG-WKS-05,TeamViewer_Host.exe,explorer.exe,sha256:a28da71364a39,benign,Info
EDR-00576,2026-08-28 12:25:00,ENG-WKS-05,plc_config_tool.exe,TeamViewer_Host.exe,sha256:14c417238dbf3f,benign,Info
EDR-00582,2026-08-28 12:30:00,ENG-WKS-02,plc_config_tool.exe,TeamViewer_Host.exe,sha256:16ff4e110e1611,benign,Info
EDR-00569,2026-08-28 12:39:00,ENG-WKS-01,plc_config_tool.exe,TeamViewer_Host.exe,sha256:10d4c2cb1ada63,benign,Info
EDR-00568,2026-08-28 12:49:00,ENG-WKS-02,TeamViewer_Host.exe,explorer.exe,sha256:15886a7ca0fbce,benign,Info
EDR-00583,2026-08-28 12:57:00,ENG-WKS-01,plc_config_tool.exe,TeamViewer_Host.exe,sha256:1a1beaa3eecf9e,benign,Info
EDR-00574,2026-08-28 13:43:00,ENG-WKS-01,plc_config_tool.exe,TeamViewer_Host.exe,sha256:1007f02750d4d6,benign,Info
EDR-00572,2026-08-28 13:47:00,ENG-WKS-01,plc_config_tool.exe,TeamViewer_Host.exe,sha256:21787d0f4fc36d,benign,Info
EDR-00585,2026-08-28 14:16:00,ENG-WKS-04,patch_deploy.exe,svchost.exe,sha256:16dc66369998a7,benign,Info
EDR-00571,2026-08-28 14:18:00,ENG-WKS-01,TeamViewer_Host.exe,explorer.exe,sha256:896464bd7a7a4,benign,Info
EDR-00561,2026-08-28 14:20:00,ENG-WKS-02,TeamViewer_Host.exe,explorer.exe,sha256:219ac5dae3cb77,benign,Info
EDR-00560,2026-08-28 14:25:00,ENG-WKS-01,patch_deploy.exe,svchost.exe,sha256:13f0f8dd4d033d,benign,Info
EDR-00580,2026-08-28 15:04:00,ENG-WKS-03,plc_config_tool.exe,TeamViewer_Host.exe,sha256:197960920d6d49,benign,Info
EDR-00586,2026-08-28 15:22:00,ENG-WKS-03,patch_deploy.exe,svchost.exe,sha256:118aed7cdedc35,benign,Info
EDR-00573,2026-08-28 15:47:00,ENG-WKS-02,patch_deploy.exe,svchost.exe,sha256:1596ad7c54378c,benign,Info
EDR-00577,2026-08-28 16:01:00,ENG-WKS-04,plc_config_tool.exe,TeamViewer_Host.exe,sha256:c35a1f6224246,benign,Info
EDR-00579,2026-08-28 18:28:00,ENG-WKS-04,patch_deploy.exe,svchost.exe,sha256:12962637241589,benign,Info
EDR-00563,2026-08-28 18:47:00,ENG-WKS-03,plc_config_tool.exe,TeamViewer_Host.exe,sha256:60e147ff4db84,benign,Info
