event_id,timestamp,source,description
AUTH-00122,2026-08-11 17:08:00,vendor_auth,"Vendor logon: VEND-ACME-03 -> JUMP-OT-01 (27 min, Success)"
AUTH-00123,2026-08-12 07:31:00,vendor_auth,"Vendor logon: VEND-ACME-03 -> ENG-WKS-01 (24 min, Success)"
AUTH-00128,2026-08-12 13:57:00,vendor_auth,"Vendor logon: VEND-ACME-03 -> JUMP-OT-01 (31 min, Success)"
AUTH-00129,2026-08-12 15:10:00,vendor_auth,"Vendor logon: VEND-ACME-03 -> ENG-WKS-04 (25 min, Success)"
AUTH-00131,2026-08-13 09:51:00,vendor_auth,"Vendor logon: VEND-ACME-03 -> JUMP-OT-01 (24 min, Success)"
AUTH-00135,2026-08-13 11:39:00,vendor_auth,"Vendor logon: VEND-ACME-03 -> ENG-WKS-02 (39 min, Success)"
AUTH-00136,2026-08-13 12:15:00,vendor_auth,"Vendor logon: VEND-ACME-03 -> JUMP-OT-01 (42 min, Success)"
AUTH-00137,2026-08-13 12:25:00,vendor_auth,"Vendor logon: VEND-ACME-03 -> ENG-WKS-04 (21 min, Success)"
AUTH-00138,2026-08-13 12:51:00,vendor_auth,"Vendor logon: VEND-ACME-03 -> JUMP-OT-01 (32 min, Success)"
AUTH-00158,2026-08-15 01:10:00,vendor_auth,"Vendor logon: VEND-ACME-03 -> JUMP-OT-01 (140 min, Success)"
EDR-00587,2026-08-15 01:35:00,edr_telemetry,"EDR alert on JUMP-OT-01: cred_dump_tool.exe (parent svchost.exe), credential_access, severity=High"
AUTH-00159,2026-08-15 04:30:00,vendor_auth,"Vendor logon: VEND-ACME-03 -> ENG-WKS-02 (95 min, Success)"
EDR-00588,2026-08-15 04:50:00,edr_telemetry,"EDR alert on ENG-WKS-02: archive_stager.exe (parent cred_dump_tool.exe), collection_staging, severity=High"
AUTH-00160,2026-08-15 07:15:00,vendor_auth,"Vendor logon: VEND-ACME-03 -> ENG-WKS-04 (110 min, Success)"
EDR-00589,2026-08-15 07:25:00,edr_telemetry,"EDR alert on ENG-WKS-04: logging_disable.bat (parent cmd.exe), defense_evasion, severity=Critical"
OT-01577,2026-08-15 07:40:00,ot_ids_historian,"OT alert on PLC-03: unauthorized_write_attempt, deviation=12.5"
OT-01578,2026-08-15 07:55:00,ot_ids_historian,"OT alert on PLC-03: unauthorized_write_attempt, deviation=14.1"
AUTH-00171,2026-08-15 15:24:00,vendor_auth,"Vendor logon: VEND-ACME-03 -> ENG-WKS-05 (17 min, Success)"
AUTH-00173,2026-08-15 21:25:00,vendor_auth,"Vendor logon: VEND-ACME-03 -> HIST-SRV-01 (65 min, Success)"
EDR-00590,2026-08-15 21:35:00,edr_telemetry,"EDR alert on HIST-SRV-01: archive_stager.exe (parent cred_dump_tool.exe), collection_staging, severity=High"
OT-01579,2026-08-15 21:50:00,ot_ids_historian,"OT alert on RTU-05: unauthorized_write_attempt, deviation=9.8"
AUTH-00174,2026-08-16 04:50:00,vendor_auth,"Vendor logon: VEND-ACME-03 -> ENG-WKS-02 (40 min, Success)"
OT-01580,2026-08-16 05:05:00,ot_ids_historian,"OT alert on PLC-03: unauthorized_write_attempt, deviation=11.0"
AUTH-00180,2026-08-16 12:14:00,vendor_auth,"Vendor logon: VEND-ACME-03 -> ENG-WKS-05 (23 min, Success)"
AUTH-00182,2026-08-16 12:38:00,vendor_auth,"Vendor logon: VEND-ACME-03 -> ENG-WKS-05 (19 min, Success)"
AUTH-00184,2026-08-16 14:07:00,vendor_auth,"Vendor logon: VEND-ACME-03 -> JUMP-OT-01 (38 min, Success)"
AUTH-00200,2026-08-18 11:51:00,vendor_auth,"Vendor logon: VEND-ACME-03 -> JUMP-OT-01 (11 min, Success)"
AUTH-00202,2026-08-18 13:11:00,vendor_auth,"Vendor logon: VEND-ACME-03 -> JUMP-OT-01 (50 min, Success)"
AUTH-00203,2026-08-18 13:17:00,vendor_auth,"Vendor logon: VEND-ACME-03 -> ENG-WKS-02 (15 min, Success)"
AUTH-00206,2026-08-18 14:12:00,vendor_auth,"Vendor logon: VEND-ACME-03 -> ENG-WKS-02 (11 min, Success)"
AUTH-00212,2026-08-19 11:42:00,vendor_auth,"Vendor logon: VEND-ACME-03 -> JUMP-OT-01 (10 min, Success)"
AUTH-00220,2026-08-19 16:23:00,vendor_auth,"Vendor logon: VEND-ACME-03 -> JUMP-OT-01 (22 min, Success)"
AUTH-00224,2026-08-20 09:00:00,vendor_auth,"Vendor logon: VEND-ACME-03 -> ENG-WKS-04 (25 min, Success)"
AUTH-00227,2026-08-20 10:21:00,vendor_auth,"Vendor logon: VEND-ACME-03 -> JUMP-OT-01 (24 min, Success)"
AUTH-00242,2026-08-21 11:33:00,vendor_auth,"Vendor logon: VEND-ACME-03 -> JUMP-OT-01 (21 min, Success)"
AUTH-00256,2026-08-22 15:11:00,vendor_auth,"Vendor logon: VEND-ACME-03 -> ENG-WKS-03 (40 min, Success)"
AUTH-00263,2026-08-23 14:30:00,vendor_auth,"Vendor logon: VEND-ACME-03 -> ENG-WKS-05 (33 min, Success)"
AUTH-00268,2026-08-24 09:14:00,vendor_auth,"Vendor logon: VEND-ACME-03 -> ENG-WKS-01 (24 min, Success)"
AUTH-00270,2026-08-24 11:07:00,vendor_auth,"Vendor logon: VEND-ACME-03 -> ENG-WKS-02 (18 min, Success)"
AUTH-00271,2026-08-24 12:07:00,vendor_auth,"Vendor logon: VEND-ACME-03 -> JUMP-OT-01 (36 min, Success)"
AUTH-00275,2026-08-24 13:20:00,vendor_auth,"Vendor logon: VEND-ACME-03 -> ENG-WKS-02 (14 min, Success)"
AUTH-00277,2026-08-24 14:17:00,vendor_auth,"Vendor logon: VEND-ACME-03 -> ENG-WKS-04 (25 min, Success)"
AUTH-00278,2026-08-24 15:22:00,vendor_auth,"Vendor logon: VEND-ACME-03 -> ENG-WKS-03 (8 min, Success)"
AUTH-00281,2026-08-25 08:32:00,vendor_auth,"Vendor logon: VEND-ACME-03 -> ENG-WKS-05 (35 min, Success)"
AUTH-00292,2026-08-26 07:14:00,vendor_auth,"Vendor logon: VEND-ACME-03 -> JUMP-OT-01 (17 min, Success)"
AUTH-00293,2026-08-26 09:28:00,vendor_auth,"Vendor logon: VEND-ACME-03 -> JUMP-OT-01 (35 min, Success)"
AUTH-00294,2026-08-26 09:40:00,vendor_auth,"Vendor logon: VEND-ACME-03 -> ENG-WKS-01 (3 min, Success)"
